epoch,loss_G_total,loss_D_total,loss_paired,loss_cycle,loss_seg,loss_anatomy,mr2ct_ssim,ct2mr_ssim,mr2ct_mae,ct2mr_mae,mr2ct_psnr,ct2mr_psnr,mean_dice,dice_class_1,dice_class_2,dice_class_3,dice_class_4,dice_class_5,ct_seg_mean_dice,ct_seg_per_class,ct_seg_class_1,ct_seg_class_2,ct_seg_class_3,ct_seg_class_4,ct_seg_class_5
1,3.800154,0.865199,1.005407,0.615822,0.000000,0.000000,0.932301,0.836342,0.084334,0.278571,27.957452,19.804792,0.047664,0.047664,0.047664,0.047664,0.047664,0.047664,0.034579,"[0.03457943964109183, 0.034579440524735466, 0.034579439983343535, 0.03457943948184176, 0.03457943956237896]",0.034579,0.034579,0.034579,0.034579,0.034579
2,4.619747,0.763337,0.916426,0.489298,0.616136,0.566519,0.933405,0.843233,0.082928,0.227022,28.286157,21.252995,0.609533,1.000000,1.000000,1.000000,0.047664,0.000000,0.606916,"[1.0, 1.0, 1.0, 0.034579439879489124, 1.0489055515245906e-10]",1.000000,1.000000,1.000000,0.034579,0.000000
3,3.449734,0.219608,0.066459,0.045729,0.076347,0.064346,0.924283,0.839742,0.098756,0.241242,27.346109,20.852067,0.609533,1.000000,1.000000,1.000000,0.047664,0.000000,0.606916,"[1.0, 1.0, 1.0, 0.03457943987024067, 1.0432341412724666e-10]",1.000000,1.000000,1.000000,0.034579,0.000000
4,3.130495,0.197292,0.000000,0.000000,0.000000,0.000000,0.924463,0.840066,0.098147,0.240488,27.387459,20.870802,0.609533,1.000000,1.000000,1.000000,0.047664,0.000000,0.606916,"[1.0, 1.0, 1.0, 0.03457943987024246, 1.0432342173409016e-10]",1.000000,1.000000,1.000000,0.034579,0.000000
5,3.051718,0.061450,0.000000,0.000000,0.000000,0.000000,0.924661,0.840412,0.097519,0.239722,27.431922,20.889920,0.609533,1.000000,1.000000,1.000000,0.047664,0.000000,0.606916,"[1.0, 1.0, 1.0, 0.03457943987024246, 1.0432342173409016e-10]",1.000000,1.000000,1.000000,0.034579,0.000000
6,2.989605,0.058600,0.000000,0.000000,0.000000,0.000000,0.925002,0.840749,0.096139,0.239044,27.511489,20.907012,0.609533,1.000000,1.000000,1.000000,0.047664,0.000000,0.606916,"[1.0, 1.0, 1.0, 0.03457943987024246, 1.0432342173409016e-10]",1.000000,1.000000,1.000000,0.034579,0.000000
1,3.762455,0.870647,0.985858,0.608003,0.000000,0.000000,0.934227,0.839152,0.084145,0.249498,27.883175,20.589588,0.047664,0.047664,0.047664,0.047664,0.047664,0.047664,0.034579,"[0.03457943978576294, 0.03457944196781321, 0.03457943995814452, 0.03457943948347123, 0.03457943948013439]",0.034579,0.034579,0.034579,0.034579,0.034579
2,4.525678,0.765222,0.873688,0.456173,0.598696,0.635736,0.932975,0.840576,0.084087,0.252555,28.069558,20.385235,0.609533,1.000000,1.000000,1.000000,0.000000,0.047664,0.606916,"[1.0, 1.0, 1.0, 9.18762608308601e-11, 0.03457944014551235]",1.000000,1.000000,1.000000,0.000000,0.034579
3,3.149534,0.222962,0.099169,0.066059,0.079344,0.078882,0.932135,0.821301,0.084512,0.359346,28.299484,17.673844,0.609533,1.000000,1.000000,1.000000,0.000000,0.047664,0.606916,"[1.0, 1.0, 1.0, 9.233599843969383e-11, 0.03457944012235968]",1.000000,1.000000,1.000000,0.000000,0.034579
4,3.123993,0.167276,0.000000,0.000000,0.000000,0.000000,0.932132,0.821280,0.085225,0.360005,28.270293,17.660097,0.609533,1.000000,1.000000,1.000000,0.000000,0.047664,0.606916,"[1.0, 1.0, 1.0, 9.232665748229892e-11, 0.03457944012271304]",1.000000,1.000000,1.000000,0.000000,0.034579
5,3.142622,0.153963,0.000000,0.000000,0.000000,0.000000,0.932272,0.821346,0.085951,0.360432,28.245252,17.652198,0.609533,1.000000,1.000000,1.000000,0.000000,0.047664,0.606916,"[1.0, 1.0, 1.0, 9.232665908408098e-11, 0.03457944012271289]",1.000000,1.000000,1.000000,0.000000,0.034579
6,3.268447,0.149207,0.051025,0.030338,0.077684,0.079147,0.933707,0.825266,0.086039,0.326415,28.202591,18.335278,0.609533,1.000000,1.000000,1.000000,0.000000,0.047664,0.606916,"[1.0, 1.0, 1.0, 9.214938954028097e-11, 0.03457944013287834]",1.000000,1.000000,1.000000,0.000000,0.034579
7,3.281231,0.118168,0.065950,0.040562,0.090463,0.085257,0.937038,0.821188,0.083448,0.379915,28.511292,17.338718,0.609533,1.000000,1.000000,1.000000,0.000000,0.047664,0.606916,"[1.0, 1.0, 1.0, 9.28368530285456e-11, 0.034579440107818195]",1.000000,1.000000,1.000000,0.000000,0.034579
8,3.033018,0.058293,0.000000,0.000000,0.000000,0.000000,0.937096,0.821299,0.084572,0.380865,28.478020,17.325534,0.609533,1.000000,1.000000,1.000000,0.000000,0.047664,0.606916,"[1.0, 1.0, 1.0, 9.283851124261011e-11, 0.03457944010776606]",1.000000,1.000000,1.000000,0.000000,0.034579
9,2.964563,0.050429,0.000000,0.000000,0.000000,0.000000,0.936842,0.818267,0.086092,0.455042,28.390033,16.093882,0.609533,1.000000,1.000000,1.000000,0.000000,0.047664,0.606916,"[1.0, 1.0, 1.0, 9.323921065395626e-11, 0.03457944009268399]",1.000000,1.000000,1.000000,0.000000,0.034579
10,3.313464,0.118761,0.060118,0.027083,0.094480,0.092105,0.938752,0.832647,0.082119,0.286155,28.408359,19.440539,0.609533,1.000000,1.000000,1.000000,0.000000,0.047664,0.606916,"[1.0, 1.0, 1.0, 9.298687777065574e-11, 0.03457944010422486]",1.000000,1.000000,1.000000,0.000000,0.034579
11,2.824186,0.167082,0.000000,0.000000,0.000000,0.000000,0.940076,0.824562,0.083172,0.412513,28.377492,16.818240,0.609533,1.000000,1.000000,1.000000,0.000000,0.047664,0.606916,"[1.0, 1.0, 1.0, 9.126731231489696e-11, 0.03457944017214331]",1.000000,1.000000,1.000000,0.000000,0.034579
12,3.450633,0.137248,0.098684,0.044748,0.170982,0.202229,0.938814,0.820795,0.082285,0.404556,28.304463,16.988928,0.609533,1.000000,1.000000,1.000000,0.000000,0.047664,0.606916,"[1.0, 1.0, 1.0, 9.092428079919129e-11, 0.03457944019781222]",1.000000,1.000000,1.000000,0.000000,0.034579
13,3.481978,0.140628,0.100095,0.051875,0.160851,0.194455,0.937282,0.825140,0.079414,0.313695,28.371108,18.803483,0.609533,1.000000,1.000000,1.000000,0.000000,0.047664,0.606916,"[1.0, 1.0, 1.0, 9.23833366244678e-11, 0.034579440142258416]",1.000000,1.000000,1.000000,0.000000,0.034579
14,4.203776,0.252813,0.225820,0.124631,0.540097,0.568315,0.926303,0.831887,0.093778,0.279680,27.550699,19.742937,0.609533,1.000000,1.000000,1.000000,0.000000,0.047664,0.606916,"[1.0, 1.0, 1.0, 9.19753055972776e-11, 0.03457944017643538]",1.000000,1.000000,1.000000,0.000000,0.034579
15,2.769017,0.346306,0.000000,0.000000,0.000000,0.000000,0.925438,0.831625,0.096741,0.280877,27.364159,19.711019,0.609533,1.000000,1.000000,1.000000,0.000000,0.047664,0.606916,"[1.0, 1.0, 1.0, 9.188213243209233e-11, 0.034579440182967054]",1.000000,1.000000,1.000000,0.000000,0.034579
16,3.086465,0.100562,0.000000,0.000000,0.000000,0.000000,0.925570,0.831602,0.098132,0.282486,27.296927,19.671514,0.609533,1.000000,1.000000,1.000000,0.000000,0.047664,0.606916,"[1.0, 1.0, 1.0, 9.188212022093604e-11, 0.03457944018296813]",1.000000,1.000000,1.000000,0.000000,0.034579
17,2.999209,0.047699,0.000000,0.000000,0.000000,0.000000,0.925657,0.831581,0.099142,0.283526,27.253176,19.646233,0.609533,1.000000,1.000000,1.000000,0.000000,0.047664,0.606916,"[1.0, 1.0, 1.0, 9.188212022093604e-11, 0.03457944018296813]",1.000000,1.000000,1.000000,0.000000,0.034579
18,3.025390,0.038706,0.000000,0.000000,0.000000,0.000000,0.925763,0.831550,0.100505,0.284863,27.197443,19.613947,0.609533,1.000000,1.000000,1.000000,0.000000,0.047664,0.606916,"[1.0, 1.0, 1.0, 9.188212022093604e-11, 0.03457944018296813]",1.000000,1.000000,1.000000,0.000000,0.034579
19,3.039751,0.036071,0.000000,0.000000,0.000000,0.000000,0.925831,0.831521,0.101529,0.285963,27.157020,19.587600,0.609533,1.000000,1.000000,1.000000,0.000000,0.047664,0.606916,"[1.0, 1.0, 1.0, 9.188212022093604e-11, 0.03457944018296813]",1.000000,1.000000,1.000000,0.000000,0.034579
20,3.015716,0.035219,0.000000,0.000000,0.000000,0.000000,0.925902,0.831475,0.102822,0.287480,27.107707,19.551541,0.609533,1.000000,1.000000,1.000000,0.000000,0.047664,0.606916,"[1.0, 1.0, 1.0, 9.188212022093604e-11, 0.03457944018296813]",1.000000,1.000000,1.000000,0.000000,0.034579
21,3.001258,0.047440,0.000000,0.000000,0.000000,0.000000,0.925961,0.831430,0.104027,0.288850,27.061454,19.519288,0.609533,1.000000,1.000000,1.000000,0.000000,0.047664,0.606916,"[1.0, 1.0, 1.0, 9.188212022093604e-11, 0.03457944018296813]",1.000000,1.000000,1.000000,0.000000,0.034579
22,2.985790,0.025445,0.000000,0.000000,0.000000,0.000000,0.926013,0.831384,0.105253,0.290124,27.016017,19.489600,0.609533,1.000000,1.000000,1.000000,0.000000,0.047664,0.606916,"[1.0, 1.0, 1.0, 9.188212022093604e-11, 0.03457944018296813]",1.000000,1.000000,1.000000,0.000000,0.034579
23,3.053575,0.034552,0.000000,0.000000,0.000000,0.000000,0.926073,0.831318,0.107014,0.291850,26.952404,19.449590,0.609533,1.000000,1.000000,1.000000,0.000000,0.047664,0.606916,"[1.0, 1.0, 1.0, 9.188212022093604e-11, 0.03457944018296813]",1.000000,1.000000,1.000000,0.000000,0.034579
24,3.065600,0.028718,0.000000,0.000000,0.000000,0.000000,0.926109,0.831274,0.108125,0.292927,26.910356,19.424782,0.609533,1.000000,1.000000,1.000000,0.000000,0.047664,0.606916,"[1.0, 1.0, 1.0, 9.188212022093604e-11, 0.03457944018296813]",1.000000,1.000000,1.000000,0.000000,0.034579
21,2.478632,0.054487,0.000000,0.000000,0.000000,0.000000,0.925954,0.831438,0.103857,0.288611,27.068762,19.524890,0.159330,0.397483,0.609533,1.000000,1.000000,1.000000,0.000000,0.047664,0.609533,"[1.0, 1.0, 1.0, 9.038225406935741e-11, 0.047663552495022986]",1.000000,1.000000,1.000000,0.000000,0.047664,0.606916,"[1.0, 1.0, 1.0, 9.188212022093604e-11, 0.03457944018296813]",1.000000,1.000000,1.000000,0.000000,0.034579,0.606916,"[1.0, 1.0, 1.0, 9.188212022093604e-11, 0.03457944018296813]",1.000000,1.000000,1.000000,0.000000,0.034579
22,2.445711,0.020614,0.000000,0.000000,0.000000,0.000000,0.926025,0.831379,0.105447,0.290262,27.008788,19.486396,0.160424,0.399412,0.609533,1.000000,1.000000,1.000000,0.000000,0.047664,0.609533,"[1.0, 1.0, 1.0, 9.038225406935741e-11, 0.047663552495022986]",1.000000,1.000000,1.000000,0.000000,0.047664,0.606916,"[1.0, 1.0, 1.0, 9.188212022093604e-11, 0.03457944018296813]",1.000000,1.000000,1.000000,0.000000,0.034579,0.606916,"[1.0, 1.0, 1.0, 9.188212022093604e-11, 0.03457944018296813]",1.000000,1.000000,1.000000,0.000000,0.034579
23,2.414097,0.023703,0.000000,0.000000,0.000000,0.000000,0.926076,0.831328,0.106755,0.291622,26.959999,19.454948,0.161320,0.400994,0.609533,1.000000,1.000000,1.000000,0.000000,0.047664,0.609533,"[1.0, 1.0, 1.0, 9.038225406935741e-11, 0.047663552495022986]",1.000000,1.000000,1.000000,0.000000,0.047664,0.606916,"[1.0, 1.0, 1.0, 9.188212022093604e-11, 0.03457944018296813]",1.000000,1.000000,1.000000,0.000000,0.034579,0.606916,"[1.0, 1.0, 1.0, 9.188212022093604e-11, 0.03457944018296813]",1.000000,1.000000,1.000000,0.000000,0.034579
24,2.431058,0.028402,0.000000,0.000000,0.000000,0.000000,0.926113,0.831285,0.107784,0.292686,26.922329,19.430475,0.162016,0.402228,0.609533,1.000000,1.000000,1.000000,0.000000,0.047664,0.609533,"[1.0, 1.0, 1.0, 9.038225406935741e-11, 0.047663552495022986]",1.000000,1.000000,1.000000,0.000000,0.047664,0.606916,"[1.0, 1.0, 1.0, 9.188212022093604e-11, 0.03457944018296813]",1.000000,1.000000,1.000000,0.000000,0.034579,0.606916,"[1.0, 1.0, 1.0, 9.188212022093604e-11, 0.03457944018296813]",1.000000,1.000000,1.000000,0.000000,0.034579
25,2.474947,0.029825,0.000000,0.000000,0.000000,0.000000,0.926152,0.831234,0.108989,0.293902,26.878121,19.402640,0.162837,0.403634,0.609533,1.000000,1.000000,1.000000,0.000000,0.047664,0.609533,"[1.0, 1.0, 1.0, 9.038225406935741e-11, 0.047663552495022986]",1.000000,1.000000,1.000000,0.000000,0.047664,0.606916,"[1.0, 1.0, 1.0, 9.188212022093604e-11, 0.03457944018296813]",1.000000,1.000000,1.000000,0.000000,0.034579,0.606916,"[1.0, 1.0, 1.0, 9.188212022093604e-11, 0.03457944018296813]",1.000000,1.000000,1.000000,0.000000,0.034579
26,2.393388,0.047671,0.000000,0.000000,0.000000,0.000000,0.926202,0.831168,0.110686,0.295414,26.814828,19.368195,0.164017,0.405377,0.609533,1.000000,1.000000,1.000000,0.000000,0.047664,0.609533,"[1.0, 1.0, 1.0, 9.038225406935741e-11, 0.047663552495022986]",1.000000,1.000000,1.000000,0.000000,0.047664,0.606916,"[1.0, 1.0, 1.0, 9.188212022093604e-11, 0.03457944018296813]",1.000000,1.000000,1.000000,0.000000,0.034579,0.606916,"[1.0, 1.0, 1.0, 9.188212022093604e-11, 0.03457944018296813]",1.000000,1.000000,1.000000,0.000000,0.034579
27,2.433968,0.020616,0.000000,0.000000,0.000000,0.000000,0.926239,0.831115,0.112617,0.296611,26.745479,19.341042,0.165324,0.406756,0.609533,1.000000,1.000000,1.000000,0.000000,0.047664,0.609533,"[1.0, 1.0, 1.0, 9.038225406935741e-11, 0.047663552495022986]",1.000000,1.000000,1.000000,0.000000,0.047664,0.606916,"[1.0, 1.0, 1.0, 9.188212022093604e-11, 0.03457944018296813]",1.000000,1.000000,1.000000,0.000000,0.034579,0.606916,"[1.0, 1.0, 1.0, 9.188212022093604e-11, 0.03457944018296813]",1.000000,1.000000,1.000000,0.000000,0.034579
28,2.403527,0.020099,0.000000,0.000000,0.000000,0.000000,0.926277,0.831057,0.114207,0.297891,26.683444,19.312197,0.166496,0.408225,0.609533,1.000000,1.000000,1.000000,0.000000,0.047664,0.609533,"[1.0, 1.0, 1.0, 9.038225406935741e-11, 0.047663552495022986]",1.000000,1.000000,1.000000,0.000000,0.047664,0.606916,"[1.0, 1.0, 1.0, 9.188212022093604e-11, 0.03457944018296813]",1.000000,1.000000,1.000000,0.000000,0.034579,0.606916,"[1.0, 1.0, 1.0, 9.188212022093604e-11, 0.03457944018296813]",1.000000,1.000000,1.000000,0.000000,0.034579
29,2.427705,0.017141,0.000000,0.000000,0.000000,0.000000,0.926300,0.831018,0.115186,0.298722,26.644479,19.293574,0.167236,0.409176,0.609533,1.000000,1.000000,1.000000,0.000000,0.047664,0.609533,"[1.0, 1.0, 1.0, 9.038225406935741e-11, 0.047663552495022986]",1.000000,1.000000,1.000000,0.000000,0.047664,0.606916,"[1.0, 1.0, 1.0, 9.188212022093604e-11, 0.03457944018296813]",1.000000,1.000000,1.000000,0.000000,0.034579,0.606916,"[1.0, 1.0, 1.0, 9.188212022093604e-11, 0.03457944018296813]",1.000000,1.000000,1.000000,0.000000,0.034579
30,2.475946,0.024068,0.000000,0.000000,0.000000,0.000000,0.926334,0.830956,0.116833,0.300021,26.579595,19.264569,0.168477,0.410659,0.609533,1.000000,1.000000,1.000000,0.000000,0.047664,0.609533,"[1.0, 1.0, 1.0, 9.038225406935741e-11, 0.047663552495022986]",1.000000,1.000000,1.000000,0.000000,0.047664,0.606916,"[1.0, 1.0, 1.0, 9.188212022093604e-11, 0.03457944018296813]",1.000000,1.000000,1.000000,0.000000,0.034579,0.606916,"[1.0, 1.0, 1.0, 9.188212022093604e-11, 0.03457944018296813]",1.000000,1.000000,1.000000,0.000000,0.034579
31,2.455735,0.016148,0.000000,0.000000,0.000000,0.000000,0.926346,0.830926,0.117581,0.300648,26.550554,19.250621,0.169037,0.411375,0.609533,1.000000,1.000000,1.000000,0.000000,0.047664,0.609533,"[1.0, 1.0, 1.0, 9.038225406935741e-11, 0.047663552495022986]",1.000000,1.000000,1.000000,0.000000,0.047664,0.606916,"[1.0, 1.0, 1.0, 9.188212022093604e-11, 0.03457944018296813]",1.000000,1.000000,1.000000,0.000000,0.034579,0.606916,"[1.0, 1.0, 1.0, 9.188212022093604e-11, 0.03457944018296813]",1.000000,1.000000,1.000000,0.000000,0.034579
32,2.453535,0.014514,0.000000,0.000000,0.000000,0.000000,0.926363,0.830873,0.118765,0.301749,26.504629,19.226249,0.169925,0.412627,0.609533,1.000000,1.000000,1.000000,0.000000,0.047664,0.609533,"[1.0, 1.0, 1.0, 9.038225406935741e-11, 0.047663552495022986]",1.000000,1.000000,1.000000,0.000000,0.047664,0.606916,"[1.0, 1.0, 1.0, 9.188212022093604e-11, 0.03457944018296813]",1.000000,1.000000,1.000000,0.000000,0.034579,0.606916,"[1.0, 1.0, 1.0, 9.188212022093604e-11, 0.03457944018296813]",1.000000,1.000000,1.000000,0.000000,0.034579
33,2.432412,0.010886,0.000000,0.000000,0.000000,0.000000,0.926377,0.830825,0.119850,0.302711,26.462715,19.205029,0.170742,0.413720,0.609533,1.000000,1.000000,1.000000,0.000000,0.047664,0.609533,"[1.0, 1.0, 1.0, 9.038225406935741e-11, 0.047663552495022986]",1.000000,1.000000,1.000000,0.000000,0.047664,0.606916,"[1.0, 1.0, 1.0, 9.188212022093604e-11, 0.03457944018296813]",1.000000,1.000000,1.000000,0.000000,0.034579,0.606916,"[1.0, 1.0, 1.0, 9.188212022093604e-11, 0.03457944018296813]",1.000000,1.000000,1.000000,0.000000,0.034579
34,2.461984,0.010879,0.000000,0.000000,0.000000,0.000000,0.926384,0.830794,0.120549,0.303329,26.435728,19.191476,0.171270,0.414419,0.609533,1.000000,1.000000,1.000000,0.000000,0.047664,0.609533,"[1.0, 1.0, 1.0, 9.038225406935741e-11, 0.047663552495022986]",1.000000,1.000000,1.000000,0.000000,0.047664,0.606916,"[1.0, 1.0, 1.0, 9.188212022093604e-11, 0.03457944018296813]",1.000000,1.000000,1.000000,0.000000,0.034579,0.606916,"[1.0, 1.0, 1.0, 9.188212022093604e-11, 0.03457944018296813]",1.000000,1.000000,1.000000,0.000000,0.034579
35,2.444564,0.011191,0.000000,0.000000,0.000000,0.000000,0.926390,0.830761,0.121344,0.303994,26.405749,19.176894,0.171859,0.415173,0.609533,1.000000,1.000000,1.000000,0.000000,0.047664,0.609533,"[1.0, 1.0, 1.0, 9.038225406935741e-11, 0.047663552495022986]",1.000000,1.000000,1.000000,0.000000,0.047664,0.606916,"[1.0, 1.0, 1.0, 9.188212022093604e-11, 0.03457944018296813]",1.000000,1.000000,1.000000,0.000000,0.034579,0.606916,"[1.0, 1.0, 1.0, 9.188212022093604e-11, 0.03457944018296813]",1.000000,1.000000,1.000000,0.000000,0.034579
36,2.427413,0.008275,0.000000,0.000000,0.000000,0.000000,0.926403,0.830708,0.122475,0.305044,26.361688,19.153967,0.172728,0.416359,0.609533,1.000000,1.000000,1.000000,0.000000,0.047664,0.609533,"[1.0, 1.0, 1.0, 9.038225406935741e-11, 0.047663552495022986]",1.000000,1.000000,1.000000,0.000000,0.047664,0.606916,"[1.0, 1.0, 1.0, 9.188212022093604e-11, 0.03457944018296813]",1.000000,1.000000,1.000000,0.000000,0.034579,0.606916,"[1.0, 1.0, 1.0, 9.188212022093604e-11, 0.03457944018296813]",1.000000,1.000000,1.000000,0.000000,0.034579
37,2.441887,0.008990,0.000000,0.000000,0.000000,0.000000,0.926412,0.830674,0.123126,0.305700,26.335924,19.139678,0.173238,0.417100,0.609533,1.000000,1.000000,1.000000,0.000000,0.047664,0.609533,"[1.0, 1.0, 1.0, 9.038225406935741e-11, 0.047663552495022986]",1.000000,1.000000,1.000000,0.000000,0.047664,0.606916,"[1.0, 1.0, 1.0, 9.188212022093604e-11, 0.03457944018296813]",1.000000,1.000000,1.000000,0.000000,0.034579,0.606916,"[1.0, 1.0, 1.0, 9.188212022093604e-11, 0.03457944018296813]",1.000000,1.000000,1.000000,0.000000,0.034579
38,2.431064,0.006247,0.000000,0.000000,0.000000,0.000000,0.926422,0.830636,0.123889,0.306451,26.305666,19.123374,0.173839,0.417947,0.609533,1.000000,1.000000,1.000000,0.000000,0.047664,0.609533,"[1.0, 1.0, 1.0, 9.038225406935741e-11, 0.047663552495022986]",1.000000,1.000000,1.000000,0.000000,0.047664,0.606916,"[1.0, 1.0, 1.0, 9.188212022093604e-11, 0.03457944018296813]",1.000000,1.000000,1.000000,0.000000,0.034579,0.606916,"[1.0, 1.0, 1.0, 9.188212022093604e-11, 0.03457944018296813]",1.000000,1.000000,1.000000,0.000000,0.034579
39,2.428414,0.005223,0.000000,0.000000,0.000000,0.000000,0.926428,0.830609,0.124448,0.306961,26.283605,19.112342,0.174279,0.418521,0.609533,1.000000,1.000000,1.000000,0.000000,0.047664,0.609533,"[1.0, 1.0, 1.0, 9.038225406935741e-11, 0.047663552495022986]",1.000000,1.000000,1.000000,0.000000,0.047664,0.606916,"[1.0, 1.0, 1.0, 9.188212022093604e-11, 0.03457944018296813]",1.000000,1.000000,1.000000,0.000000,0.034579,0.606916,"[1.0, 1.0, 1.0, 9.188212022093604e-11, 0.03457944018296813]",1.000000,1.000000,1.000000,0.000000,0.034579
40,2.422396,0.004078,0.000000,0.000000,0.000000,0.000000,0.926435,0.830577,0.125104,0.307579,26.257656,19.099017,0.174798,0.419214,0.609533,1.000000,1.000000,1.000000,0.000000,0.047664,0.609533,"[1.0, 1.0, 1.0, 9.038225406935741e-11, 0.047663552495022986]",1.000000,1.000000,1.000000,0.000000,0.047664,0.606916,"[1.0, 1.0, 1.0, 9.188212022093604e-11, 0.03457944018296813]",1.000000,1.000000,1.000000,0.000000,0.034579,0.606916,"[1.0, 1.0, 1.0, 9.188212022093604e-11, 0.03457944018296813]",1.000000,1.000000,1.000000,0.000000,0.034579
41,2.426165,0.003978,0.000000,0.000000,0.000000,0.000000,0.926441,0.830551,0.125641,0.308080,26.236101,19.088219,0.175230,0.419777,0.609533,1.000000,1.000000,1.000000,0.000000,0.047664,0.609533,"[1.0, 1.0, 1.0, 9.038225406935741e-11, 0.047663552495022986]",1.000000,1.000000,1.000000,0.000000,0.047664,0.606916,"[1.0, 1.0, 1.0, 9.188212022093604e-11, 0.03457944018296813]",1.000000,1.000000,1.000000,0.000000,0.034579,0.606916,"[1.0, 1.0, 1.0, 9.188212022093604e-11, 0.03457944018296813]",1.000000,1.000000,1.000000,0.000000,0.034579
42,2.423973,0.002698,0.000000,0.000000,0.000000,0.000000,0.926447,0.830528,0.126099,0.308514,26.217801,19.078891,0.175598,0.420264,0.609533,1.000000,1.000000,1.000000,0.000000,0.047664,0.609533,"[1.0, 1.0, 1.0, 9.038225406935741e-11, 0.047663552495022986]",1.000000,1.000000,1.000000,0.000000,0.047664,0.606916,"[1.0, 1.0, 1.0, 9.188212022093604e-11, 0.03457944018296813]",1.000000,1.000000,1.000000,0.000000,0.034579,0.606916,"[1.0, 1.0, 1.0, 9.188212022093604e-11, 0.03457944018296813]",1.000000,1.000000,1.000000,0.000000,0.034579
43,2.431524,0.002228,0.000000,0.000000,0.000000,0.000000,0.926453,0.830502,0.126671,0.309022,26.194917,19.068009,0.176060,0.420833,0.609533,1.000000,1.000000,1.000000,0.000000,0.047664,0.609533,"[1.0, 1.0, 1.0, 9.038225406935741e-11, 0.047663552495022986]",1.000000,1.000000,1.000000,0.000000,0.047664,0.606916,"[1.0, 1.0, 1.0, 9.188212022093604e-11, 0.03457944018296813]",1.000000,1.000000,1.000000,0.000000,0.034579,0.606916,"[1.0, 1.0, 1.0, 9.188212022093604e-11, 0.03457944018296813]",1.000000,1.000000,1.000000,0.000000,0.034579
44,2.423866,0.001430,0.000000,0.000000,0.000000,0.000000,0.926456,0.830488,0.126973,0.309284,26.182800,19.062401,0.176304,0.421126,0.609533,1.000000,1.000000,1.000000,0.000000,0.047664,0.609533,"[1.0, 1.0, 1.0, 9.038225406935741e-11, 0.047663552495022986]",1.000000,1.000000,1.000000,0.000000,0.047664,0.606916,"[1.0, 1.0, 1.0, 9.188212022093604e-11, 0.03457944018296813]",1.000000,1.000000,1.000000,0.000000,0.034579,0.606916,"[1.0, 1.0, 1.0, 9.188212022093604e-11, 0.03457944018296813]",1.000000,1.000000,1.000000,0.000000,0.034579
45,2.419833,0.001179,0.000000,0.000000,0.000000,0.000000,0.926459,0.830478,0.127186,0.309476,26.174336,19.058304,0.176476,0.421341,0.609533,1.000000,1.000000,1.000000,0.000000,0.047664,0.609533,"[1.0, 1.0, 1.0, 9.038225406935741e-11, 0.047663552495022986]",1.000000,1.000000,1.000000,0.000000,0.047664,0.606916,"[1.0, 1.0, 1.0, 9.188212022093604e-11, 0.03457944018296813]",1.000000,1.000000,1.000000,0.000000,0.034579,0.606916,"[1.0, 1.0, 1.0, 9.188212022093604e-11, 0.03457944018296813]",1.000000,1.000000,1.000000,0.000000,0.034579
46,2.430458,0.000996,0.000000,0.000000,0.000000,0.000000,0.926462,0.830462,0.127506,0.309765,26.161642,19.052128,0.176733,0.421664,0.609533,1.000000,1.000000,1.000000,0.000000,0.047664,0.609533,"[1.0, 1.0, 1.0, 9.038225406935741e-11, 0.047663552495022986]",1.000000,1.000000,1.000000,0.000000,0.047664,0.606916,"[1.0, 1.0, 1.0, 9.188212022093604e-11, 0.03457944018296813]",1.000000,1.000000,1.000000,0.000000,0.034579,0.606916,"[1.0, 1.0, 1.0, 9.188212022093604e-11, 0.03457944018296813]",1.000000,1.000000,1.000000,0.000000,0.034579
47,2.427310,0.000568,0.000000,0.000000,0.000000,0.000000,0.926464,0.830452,0.127724,0.309964,26.152969,19.047885,0.176909,0.421886,0.609533,1.000000,1.000000,1.000000,0.000000,0.047664,0.609533,"[1.0, 1.0, 1.0, 9.038225406935741e-11, 0.047663552495022986]",1.000000,1.000000,1.000000,0.000000,0.047664,0.606916,"[1.0, 1.0, 1.0, 9.188212022093604e-11, 0.03457944018296813]",1.000000,1.000000,1.000000,0.000000,0.034579,0.606916,"[1.0, 1.0, 1.0, 9.188212022093604e-11, 0.03457944018296813]",1.000000,1.000000,1.000000,0.000000,0.034579
48,2.429058,0.000043,0.000000,0.000000,0.000000,0.000000,0.926465,0.830444,0.127894,0.310121,26.146250,19.044524,0.177046,0.422063,0.609533,1.000000,1.000000,1.000000,0.000000,0.047664,0.609533,"[1.0, 1.0, 1.0, 9.038225406935741e-11, 0.047663552495022986]",1.000000,1.000000,1.000000,0.000000,0.047664,0.606916,"[1.0, 1.0, 1.0, 9.188212022093604e-11, 0.03457944018296813]",1.000000,1.000000,1.000000,0.000000,0.034579,0.606916,"[1.0, 1.0, 1.0, 9.188212022093604e-11, 0.03457944018296813]",1.000000,1.000000,1.000000,0.000000,0.034579
49,2.426818,0.000012,0.000000,0.000000,0.000000,0.000000,0.926466,0.830439,0.127984,0.310205,26.142671,19.042740,0.177119,0.422156,0.609533,1.000000,1.000000,1.000000,0.000000,0.047664,0.609533,"[1.0, 1.0, 1.0, 9.038225406935741e-11, 0.047663552495022986]",1.000000,1.000000,1.000000,0.000000,0.047664,0.606916,"[1.0, 1.0, 1.0, 9.188212022093604e-11, 0.03457944018296813]",1.000000,1.000000,1.000000,0.000000,0.034579,0.606916,"[1.0, 1.0, 1.0, 9.188212022093604e-11, 0.03457944018296813]",1.000000,1.000000,1.000000,0.000000,0.034579
50,2.427047,0.000009,0.000000,0.000000,0.000000,0.000000,0.926467,0.830437,0.128026,0.310244,26.140988,19.041913,0.177153,0.422199,0.609533,1.000000,1.000000,1.000000,0.000000,0.047664,0.609533,"[1.0, 1.0, 1.0, 9.038225406935741e-11, 0.047663552495022986]",1.000000,1.000000,1.000000,0.000000,0.047664,0.606916,"[1.0, 1.0, 1.0, 9.188212022093604e-11, 0.03457944018296813]",1.000000,1.000000,1.000000,0.000000,0.034579,0.606916,"[1.0, 1.0, 1.0, 9.188212022093604e-11, 0.03457944018296813]",1.000000,1.000000,1.000000,0.000000,0.034579
1,3.459744,0.632783,0.995588,0.594478,0.000000,0.000000,0.939789,0.840646,0.072643,0.227685,29.529352,21.858182,0.126958,0.324319,0.057118,0.057477,0.057477,0.057477,0.057477,0.055682,0.056877,"[0.057476636417919155, 0.05747664144728877, 0.057476636679929236, 0.05747663590071751, 0.05448043608561978]",0.057477,0.057477,0.057477,0.057477,0.054480,0.042562,"[0.04205607576194384, 0.04205607882393468, 0.042056076314635926, 0.042056075132073815, 0.044585345140586215]",0.042056,0.042056,0.042056,0.042056,0.044585,0.042310,"[0.04205607576194384, 0.04205607882393468, 0.042056076314635926, 0.042056075132073815, 0.043325031110868946]",0.042056,0.042056,0.042056,0.042056,0.043325
2,3.464960,0.581378,0.831117,0.432642,0.179735,0.353930,0.932435,0.849932,0.077154,0.219309,29.458810,22.031216,0.128649,0.316675,0.820688,1.000000,1.000000,1.000000,1.000000,0.103439,0.817287,"[1.0, 1.0, 1.0, 1.0, 0.08643421013002614]",1.000000,1.000000,1.000000,1.000000,0.086434,0.859558,"[1.0, 1.0, 1.0, 1.0, 0.29778929327786724]",1.000000,1.000000,1.000000,1.000000,0.297789,0.847550,"[1.0, 1.0, 1.0, 1.0, 0.23775239988725436]",1.000000,1.000000,1.000000,1.000000,0.237752
3,2.939017,0.584140,0.784698,0.379960,0.060349,0.109632,0.938148,0.848615,0.072955,0.208924,29.908847,22.462776,0.122989,0.300999,0.874374,1.000000,1.000000,1.000000,1.000000,0.371869,0.871776,"[1.0, 1.0, 1.0, 1.0, 0.35887939094855725]",1.000000,1.000000,1.000000,1.000000,0.358879,0.887810,"[1.0, 1.0, 1.0, 1.0, 0.4390507797537596]",1.000000,1.000000,1.000000,1.000000,0.439051,0.873174,"[1.0, 1.0, 1.0, 1.0, 0.36586781113884953]",1.000000,1.000000,1.000000,1.000000,0.365868
4,2.872579,0.584522,0.759036,0.351168,0.067849,0.134503,0.944006,0.852366,0.068460,0.203487,30.352176,22.615752,0.114558,0.296049,0.882245,1.000000,1.000000,1.000000,1.000000,0.411226,0.876993,"[1.0, 1.0, 1.0, 1.0, 0.3849674682894309]",1.000000,1.000000,1.000000,1.000000,0.384967,0.892004,"[1.0, 1.0, 1.0, 1.0, 0.4600195498763151]",1.000000,1.000000,1.000000,1.000000,0.460020,0.878904,"[1.0, 1.0, 1.0, 1.0, 0.39451946338716426]",1.000000,1.000000,1.000000,1.000000,0.394519
5,2.859160,0.577141,0.749483,0.339980,0.074970,0.143414,0.944023,0.850707,0.065152,0.229195,30.630631,21.707577,0.111764,0.331597,0.837556,1.000000,1.000000,1.000000,1.000000,0.187782,0.831268,"[1.0, 1.0, 1.0, 1.0, 0.15633867294042164]",1.000000,1.000000,1.000000,1.000000,0.156339,0.888947,"[1.0, 1.0, 1.0, 1.0, 0.4447345224885854]",1.000000,1.000000,1.000000,1.000000,0.444735,0.872999,"[1.0, 1.0, 1.0, 1.0, 0.3649946418926486]",1.000000,1.000000,1.000000,1.000000,0.364995
6,2.862187,0.571159,0.741510,0.332381,0.087060,0.158658,0.943454,0.852819,0.069268,0.215054,30.120570,22.250482,0.118679,0.310128,0.852530,1.000000,1.000000,1.000000,1.000000,0.262650,0.846332,"[1.0, 1.0, 1.0, 1.0, 0.23165882307950886]",1.000000,1.000000,1.000000,1.000000,0.231659,0.912396,"[1.0, 1.0, 1.0, 1.0, 0.5619793168021686]",1.000000,1.000000,1.000000,1.000000,0.561979,0.899519,"[1.0, 1.0, 1.0, 1.0, 0.4975928392000803]",1.000000,1.000000,1.000000,1.000000,0.497593
7,2.811673,0.569110,0.732222,0.320042,0.078652,0.152436,0.942874,0.851225,0.065776,0.211529,30.524530,22.393226,0.112426,0.303035,0.873467,1.000000,1.000000,1.000000,1.000000,0.367334,0.868650,"[1.0, 1.0, 1.0, 1.0, 0.3432506687999146]",1.000000,1.000000,1.000000,1.000000,0.343251,0.948031,"[1.0, 1.0, 1.0, 1.0, 0.7401547565899196]",1.000000,1.000000,1.000000,1.000000,0.740155,0.935788,"[1.0, 1.0, 1.0, 1.0, 0.6789400455950609]",1.000000,1.000000,1.000000,1.000000,0.678940
8,2.788130,0.562710,0.725771,0.311564,0.082280,0.146840,0.948839,0.853479,0.061679,0.206907,30.923714,22.481274,0.107014,0.300768,0.850067,1.000000,1.000000,1.000000,1.000000,0.250335,0.842373,"[1.0, 1.0, 1.0, 1.0, 0.211863526046405]",1.000000,1.000000,1.000000,1.000000,0.211864,0.902605,"[1.0, 1.0, 1.0, 1.0, 0.5130256730254729]",1.000000,1.000000,1.000000,1.000000,0.513026,0.888807,"[1.0, 1.0, 1.0, 1.0, 0.4440362181802799]",1.000000,1.000000,1.000000,1.000000,0.444036
9,2.823800,0.556024,0.723067,0.310982,0.091601,0.157806,0.946090,0.853402,0.064043,0.206918,30.596930,22.543730,0.111296,0.300121,0.862682,1.000000,1.000000,1.000000,1.000000,0.313409,0.854752,"[1.0, 1.0, 1.0, 1.0, 0.2737600101928425]",1.000000,1.000000,1.000000,1.000000,0.273760,0.935284,"[1.0, 1.0, 1.0, 1.0, 0.676422293472647]",1.000000,1.000000,1.000000,1.000000,0.676422,0.921472,"[1.0, 1.0, 1.0, 1.0, 0.6073619320263739]",1.000000,1.000000,1.000000,1.000000,0.607362
10,2.880020,0.548108,0.741144,0.312150,0.094365,0.160935,0.947459,0.851484,0.063494,0.211107,30.531390,22.329170,0.112561,0.306448,0.918353,1.000000,1.000000,1.000000,1.000000,0.591764,0.908150,"[1.0, 1.0, 1.0, 1.0, 0.5407516480013965]",1.000000,1.000000,1.000000,1.000000,0.540752,0.947652,"[1.0, 1.0, 1.0, 1.0, 0.7382595313396814]",1.000000,1.000000,1.000000,1.000000,0.738260,0.934153,"[1.0, 1.0, 1.0, 1.0, 0.6707655627208043]",1.000000,1.000000,1.000000,1.000000,0.670766
11,3.117977,0.556981,0.834112,0.341101,0.109923,0.197535,0.947790,0.853390,0.066733,0.207453,30.370499,22.476742,0.114172,0.300721,0.922230,1.000000,1.000000,1.000000,1.000000,0.611150,0.912736,"[1.0, 1.0, 1.0, 1.0, 0.5636800018660622]",1.000000,1.000000,1.000000,1.000000,0.563680,0.977104,"[1.0, 1.0, 1.0, 1.0, 0.8855222840191486]",1.000000,1.000000,1.000000,1.000000,0.885522,0.964119,"[1.0, 1.0, 1.0, 1.0, 0.8205930361557667]",1.000000,1.000000,1.000000,1.000000,0.820593
12,2.610895,0.557396,0.644949,0.273564,0.071280,0.136117,0.946784,0.852171,0.073440,0.207557,30.204441,22.498712,0.116252,0.299999,0.911389,1.000000,1.000000,1.000000,1.000000,0.556945,0.904440,"[1.0, 1.0, 1.0, 1.0, 0.5221992314784515]",1.000000,1.000000,1.000000,1.000000,0.522199,0.968070,"[1.0, 1.0, 1.0, 1.0, 0.8403523217371971]",1.000000,1.000000,1.000000,1.000000,0.840352,0.954941,"[1.0, 1.0, 1.0, 1.0, 0.7747051029638989]",1.000000,1.000000,1.000000,1.000000,0.774705
13,1.262426,0.423226,0.038733,0.018732,0.001880,0.006523,0.947163,0.850215,0.087269,0.213998,29.648881,22.238702,0.124249,0.308432,0.915740,1.000000,1.000000,1.000000,1.000000,0.578699,0.907910,"[1.0, 1.0, 1.0, 1.0, 0.5395488428587465]",1.000000,1.000000,1.000000,1.000000,0.539549,0.966249,"[1.0, 1.0, 1.0, 1.0, 0.8312472215875294]",1.000000,1.000000,1.000000,1.000000,0.831247,0.952745,"[1.0, 1.0, 1.0, 1.0, 0.7637262832133924]",1.000000,1.000000,1.000000,1.000000,0.763726
14,1.441732,0.471290,0.103493,0.047431,0.005165,0.008863,0.946238,0.851457,0.071647,0.215255,30.232308,22.162698,0.115877,0.311271,0.922471,1.000000,1.000000,1.000000,1.000000,0.612356,0.913150,"[1.0, 1.0, 1.0, 1.0, 0.5657523653540311]",1.000000,1.000000,1.000000,1.000000,0.565752,0.948874,"[1.0, 1.0, 1.0, 1.0, 0.7443677173466162]",1.000000,1.000000,1.000000,1.000000,0.744368,0.935718,"[1.0, 1.0, 1.0, 1.0, 0.6785883282485385]",1.000000,1.000000,1.000000,1.000000,0.678588
15,1.482006,0.525720,0.146299,0.078495,0.013905,0.031100,0.940278,0.838889,0.087053,0.264233,29.523490,21.083145,0.126515,0.359488,0.928550,1.000000,1.000000,1.000000,1.000000,0.642748,0.913453,"[1.0, 1.0, 1.0, 1.0, 0.5672658351158255]",1.000000,1.000000,1.000000,1.000000,0.567266,0.934688,"[1.0, 1.0, 1.0, 1.0, 0.673441467248818]",1.000000,1.000000,1.000000,1.000000,0.673441,0.920830,"[1.0, 1.0, 1.0, 1.0, 0.6041523016119279]",1.000000,1.000000,1.000000,1.000000,0.604152
16,1.084963,0.472614,0.000000,0.000000,0.000000,0.000000,0.939754,0.844100,0.125350,0.250822,27.751135,21.386941,0.155056,0.345403,0.928550,1.000000,1.000000,1.000000,1.000000,0.642748,0.913453,"[1.0, 1.0, 1.0, 1.0, 0.5672658351158255]",1.000000,1.000000,1.000000,1.000000,0.567266,0.934688,"[1.0, 1.0, 1.0, 1.0, 0.673441467248818]",1.000000,1.000000,1.000000,1.000000,0.673441,0.920830,"[1.0, 1.0, 1.0, 1.0, 0.6041523016119279]",1.000000,1.000000,1.000000,1.000000,0.604152
17,1.041317,0.499533,0.000000,0.000000,0.000000,0.000000,0.937864,0.845738,0.160522,0.249227,26.091888,21.405242,0.189128,0.343944,0.928550,1.000000,1.000000,1.000000,1.000000,0.642748,0.913453,"[1.0, 1.0, 1.0, 1.0, 0.5672658351158255]",1.000000,1.000000,1.000000,1.000000,0.567266,0.934688,"[1.0, 1.0, 1.0, 1.0, 0.673441467248818]",1.000000,1.000000,1.000000,1.000000,0.673441,0.920830,"[1.0, 1.0, 1.0, 1.0, 0.6041523016119279]",1.000000,1.000000,1.000000,1.000000,0.604152
18,0.990825,0.543680,0.000000,0.000000,0.000000,0.000000,0.935726,0.845179,0.189564,0.254079,24.868886,21.270520,0.219510,0.349244,0.928550,1.000000,1.000000,1.000000,1.000000,0.642748,0.913453,"[1.0, 1.0, 1.0, 1.0, 0.5672658351158255]",1.000000,1.000000,1.000000,1.000000,0.567266,0.934688,"[1.0, 1.0, 1.0, 1.0, 0.673441467248818]",1.000000,1.000000,1.000000,1.000000,0.673441,0.920830,"[1.0, 1.0, 1.0, 1.0, 0.6041523016119279]",1.000000,1.000000,1.000000,1.000000,0.604152
19,0.903061,0.557663,0.000000,0.000000,0.000000,0.000000,0.933844,0.843478,0.211240,0.263541,24.044261,21.029890,0.242878,0.359368,0.928550,1.000000,1.000000,1.000000,1.000000,0.642748,0.913453,"[1.0, 1.0, 1.0, 1.0, 0.5672658351158255]",1.000000,1.000000,1.000000,1.000000,0.567266,0.934688,"[1.0, 1.0, 1.0, 1.0, 0.673441467248818]",1.000000,1.000000,1.000000,1.000000,0.673441,0.920830,"[1.0, 1.0, 1.0, 1.0, 0.6041523016119279]",1.000000,1.000000,1.000000,1.000000,0.604152
20,0.879092,0.579292,0.000000,0.000000,0.000000,0.000000,0.931812,0.841425,0.232050,0.274979,23.314413,20.753263,0.265710,0.371545,0.928550,1.000000,1.000000,1.000000,1.000000,0.642748,0.913453,"[1.0, 1.0, 1.0, 1.0, 0.5672658351158255]",1.000000,1.000000,1.000000,1.000000,0.567266,0.934688,"[1.0, 1.0, 1.0, 1.0, 0.673441467248818]",1.000000,1.000000,1.000000,1.000000,0.673441,0.920830,"[1.0, 1.0, 1.0, 1.0, 0.6041523016119279]",1.000000,1.000000,1.000000,1.000000,0.604152
21,0.869787,0.583118,0.000000,0.000000,0.000000,0.000000,0.929562,0.839046,0.252769,0.289247,22.640707,20.423159,0.288742,0.386724,0.928550,1.000000,1.000000,1.000000,1.000000,0.642748,0.913453,"[1.0, 1.0, 1.0, 1.0, 0.5672658351158255]",1.000000,1.000000,1.000000,1.000000,0.567266,0.934688,"[1.0, 1.0, 1.0, 1.0, 0.673441467248818]",1.000000,1.000000,1.000000,1.000000,0.673441,0.920830,"[1.0, 1.0, 1.0, 1.0, 0.6041523016119279]",1.000000,1.000000,1.000000,1.000000,0.604152
22,0.806127,0.586986,0.000000,0.000000,0.000000,0.000000,0.927586,0.836572,0.269380,0.305571,22.134766,20.062702,0.307373,0.404086,0.928550,1.000000,1.000000,1.000000,1.000000,0.642748,0.913453,"[1.0, 1.0, 1.0, 1.0, 0.5672658351158255]",1.000000,1.000000,1.000000,1.000000,0.567266,0.934688,"[1.0, 1.0, 1.0, 1.0, 0.673441467248818]",1.000000,1.000000,1.000000,1.000000,0.673441,0.920830,"[1.0, 1.0, 1.0, 1.0, 0.6041523016119279]",1.000000,1.000000,1.000000,1.000000,0.604152
23,0.770638,0.599188,0.000000,0.000000,0.000000,0.000000,0.925738,0.834437,0.283846,0.321000,21.716597,19.736705,0.323695,0.420505,0.928550,1.000000,1.000000,1.000000,1.000000,0.642748,0.913453,"[1.0, 1.0, 1.0, 1.0, 0.5672658351158255]",1.000000,1.000000,1.000000,1.000000,0.567266,0.934688,"[1.0, 1.0, 1.0, 1.0, 0.673441467248818]",1.000000,1.000000,1.000000,1.000000,0.673441,0.920830,"[1.0, 1.0, 1.0, 1.0, 0.6041523016119279]",1.000000,1.000000,1.000000,1.000000,0.604152
24,0.743935,0.607073,0.000000,0.000000,0.000000,0.000000,0.924126,0.832742,0.295687,0.334233,21.388456,19.467489,0.337118,0.434591,0.928550,1.000000,1.000000,1.000000,1.000000,0.642748,0.913453,"[1.0, 1.0, 1.0, 1.0, 0.5672658351158255]",1.000000,1.000000,1.000000,1.000000,0.567266,0.934688,"[1.0, 1.0, 1.0, 1.0, 0.673441467248818]",1.000000,1.000000,1.000000,1.000000,0.673441,0.920830,"[1.0, 1.0, 1.0, 1.0, 0.6041523016119279]",1.000000,1.000000,1.000000,1.000000,0.604152
25,0.738486,0.602041,0.000000,0.000000,0.000000,0.000000,0.922128,0.830753,0.309506,0.350974,21.020446,19.139431,0.352846,0.452419,0.928550,1.000000,1.000000,1.000000,1.000000,0.642748,0.913453,"[1.0, 1.0, 1.0, 1.0, 0.5672658351158255]",1.000000,1.000000,1.000000,1.000000,0.567266,0.934688,"[1.0, 1.0, 1.0, 1.0, 0.673441467248818]",1.000000,1.000000,1.000000,1.000000,0.673441,0.920830,"[1.0, 1.0, 1.0, 1.0, 0.6041523016119279]",1.000000,1.000000,1.000000,1.000000,0.604152
26,0.712454,0.611399,0.000000,0.000000,0.000000,0.000000,0.920550,0.829257,0.319814,0.364573,20.755786,18.882438,0.364615,0.466908,0.928550,1.000000,1.000000,1.000000,1.000000,0.642748,0.913453,"[1.0, 1.0, 1.0, 1.0, 0.5672658351158255]",1.000000,1.000000,1.000000,1.000000,0.567266,0.934688,"[1.0, 1.0, 1.0, 1.0, 0.673441467248818]",1.000000,1.000000,1.000000,1.000000,0.673441,0.920830,"[1.0, 1.0, 1.0, 1.0, 0.6041523016119279]",1.000000,1.000000,1.000000,1.000000,0.604152
27,0.695501,0.608462,0.000000,0.000000,0.000000,0.000000,0.918975,0.827811,0.329615,0.378693,20.511502,18.623795,0.375832,0.481967,0.928550,1.000000,1.000000,1.000000,1.000000,0.642748,0.913453,"[1.0, 1.0, 1.0, 1.0, 0.5672658351158255]",1.000000,1.000000,1.000000,1.000000,0.567266,0.934688,"[1.0, 1.0, 1.0, 1.0, 0.673441467248818]",1.000000,1.000000,1.000000,1.000000,0.673441,0.920830,"[1.0, 1.0, 1.0, 1.0, 0.6041523016119279]",1.000000,1.000000,1.000000,1.000000,0.604152
28,0.684349,0.601262,0.000000,0.000000,0.000000,0.000000,0.917434,0.826503,0.338771,0.392472,20.289474,18.378430,0.386329,0.496704,0.928550,1.000000,1.000000,1.000000,1.000000,0.642748,0.913453,"[1.0, 1.0, 1.0, 1.0, 0.5672658351158255]",1.000000,1.000000,1.000000,1.000000,0.567266,0.934688,"[1.0, 1.0, 1.0, 1.0, 0.673441467248818]",1.000000,1.000000,1.000000,1.000000,0.673441,0.920830,"[1.0, 1.0, 1.0, 1.0, 0.6041523016119279]",1.000000,1.000000,1.000000,1.000000,0.604152
29,0.684074,0.595029,0.000000,0.000000,0.000000,0.000000,0.915734,0.825157,0.348431,0.407684,20.061452,18.116091,0.397419,0.512966,0.928550,1.000000,1.000000,1.000000,1.000000,0.642748,0.913453,"[1.0, 1.0, 1.0, 1.0, 0.5672658351158255]",1.000000,1.000000,1.000000,1.000000,0.567266,0.934688,"[1.0, 1.0, 1.0, 1.0, 0.673441467248818]",1.000000,1.000000,1.000000,1.000000,0.673441,0.920830,"[1.0, 1.0, 1.0, 1.0, 0.6041523016119279]",1.000000,1.000000,1.000000,1.000000,0.604152
30,0.685248,0.604461,0.000000,0.000000,0.000000,0.000000,0.914498,0.823879,0.355190,0.423375,19.905584,17.853494,0.405184,0.529779,0.928550,1.000000,1.000000,1.000000,1.000000,0.642748,0.913453,"[1.0, 1.0, 1.0, 1.0, 0.5672658351158255]",1.000000,1.000000,1.000000,1.000000,0.567266,0.934688,"[1.0, 1.0, 1.0, 1.0, 0.673441467248818]",1.000000,1.000000,1.000000,1.000000,0.673441,0.920830,"[1.0, 1.0, 1.0, 1.0, 0.6041523016119279]",1.000000,1.000000,1.000000,1.000000,0.604152
31,0.672536,0.606585,0.000000,0.000000,0.000000,0.000000,0.913505,0.822694,0.360456,0.439175,19.786230,17.597248,0.411234,0.546721,0.928550,1.000000,1.000000,1.000000,1.000000,0.642748,0.913453,"[1.0, 1.0, 1.0, 1.0, 0.5672658351158255]",1.000000,1.000000,1.000000,1.000000,0.567266,0.934688,"[1.0, 1.0, 1.0, 1.0, 0.673441467248818]",1.000000,1.000000,1.000000,1.000000,0.673441,0.920830,"[1.0, 1.0, 1.0, 1.0, 0.6041523016119279]",1.000000,1.000000,1.000000,1.000000,0.604152
32,0.664264,0.599613,0.000000,0.000000,0.000000,0.000000,0.912454,0.821299,0.365893,0.459837,19.664869,17.273151,0.417478,0.568930,0.928550,1.000000,1.000000,1.000000,1.000000,0.642748,0.913453,"[1.0, 1.0, 1.0, 1.0, 0.5672658351158255]",1.000000,1.000000,1.000000,1.000000,0.567266,0.934688,"[1.0, 1.0, 1.0, 1.0, 0.673441467248818]",1.000000,1.000000,1.000000,1.000000,0.673441,0.920830,"[1.0, 1.0, 1.0, 1.0, 0.6041523016119279]",1.000000,1.000000,1.000000,1.000000,0.604152
33,0.654128,0.607822,0.000000,0.000000,0.000000,0.000000,0.911709,0.820424,0.369667,0.474240,19.581714,17.054333,0.421812,0.584437,0.928550,1.000000,1.000000,1.000000,1.000000,0.642748,0.913453,"[1.0, 1.0, 1.0, 1.0, 0.5672658351158255]",1.000000,1.000000,1.000000,1.000000,0.567266,0.934688,"[1.0, 1.0, 1.0, 1.0, 0.673441467248818]",1.000000,1.000000,1.000000,1.000000,0.673441,0.920830,"[1.0, 1.0, 1.0, 1.0, 0.6041523016119279]",1.000000,1.000000,1.000000,1.000000,0.604152
34,0.665524,0.601326,0.000000,0.000000,0.000000,0.000000,0.910808,0.819456,0.374142,0.491920,19.484275,16.792839,0.426948,0.603529,0.928550,1.000000,1.000000,1.000000,1.000000,0.642748,0.913453,"[1.0, 1.0, 1.0, 1.0, 0.5672658351158255]",1.000000,1.000000,1.000000,1.000000,0.567266,0.934688,"[1.0, 1.0, 1.0, 1.0, 0.673441467248818]",1.000000,1.000000,1.000000,1.000000,0.673441,0.920830,"[1.0, 1.0, 1.0, 1.0, 0.6041523016119279]",1.000000,1.000000,1.000000,1.000000,0.604152
35,0.637532,0.605861,0.000000,0.000000,0.000000,0.000000,0.910257,0.818767,0.376833,0.505919,19.426259,16.591147,0.430037,0.618687,0.928550,1.000000,1.000000,1.000000,1.000000,0.642748,0.913453,"[1.0, 1.0, 1.0, 1.0, 0.5672658351158255]",1.000000,1.000000,1.000000,1.000000,0.567266,0.934688,"[1.0, 1.0, 1.0, 1.0, 0.673441467248818]",1.000000,1.000000,1.000000,1.000000,0.673441,0.920830,"[1.0, 1.0, 1.0, 1.0, 0.6041523016119279]",1.000000,1.000000,1.000000,1.000000,0.604152
36,0.641454,0.604326,0.000000,0.000000,0.000000,0.000000,0.909706,0.818175,0.379487,0.519144,19.369452,16.404717,0.433082,0.633042,0.928550,1.000000,1.000000,1.000000,1.000000,0.642748,0.913453,"[1.0, 1.0, 1.0, 1.0, 0.5672658351158255]",1.000000,1.000000,1.000000,1.000000,0.567266,0.934688,"[1.0, 1.0, 1.0, 1.0, 0.673441467248818]",1.000000,1.000000,1.000000,1.000000,0.673441,0.920830,"[1.0, 1.0, 1.0, 1.0, 0.6041523016119279]",1.000000,1.000000,1.000000,1.000000,0.604152
37,0.645238,0.601894,0.000000,0.000000,0.000000,0.000000,0.909143,0.817700,0.382168,0.530740,19.312521,16.244295,0.436155,0.645665,0.928550,1.000000,1.000000,1.000000,1.000000,0.642748,0.913453,"[1.0, 1.0, 1.0, 1.0, 0.5672658351158255]",1.000000,1.000000,1.000000,1.000000,0.567266,0.934688,"[1.0, 1.0, 1.0, 1.0, 0.673441467248818]",1.000000,1.000000,1.000000,1.000000,0.673441,0.920830,"[1.0, 1.0, 1.0, 1.0, 0.6041523016119279]",1.000000,1.000000,1.000000,1.000000,0.604152
38,0.649164,0.601549,0.000000,0.000000,0.000000,0.000000,0.908620,0.817305,0.384636,0.541152,19.260464,16.102635,0.438985,0.657026,0.928550,1.000000,1.000000,1.000000,1.000000,0.642748,0.913453,"[1.0, 1.0, 1.0, 1.0, 0.5672658351158255]",1.000000,1.000000,1.000000,1.000000,0.567266,0.934688,"[1.0, 1.0, 1.0, 1.0, 0.673441467248818]",1.000000,1.000000,1.000000,1.000000,0.673441,0.920830,"[1.0, 1.0, 1.0, 1.0, 0.6041523016119279]",1.000000,1.000000,1.000000,1.000000,0.604152
39,0.633567,0.606378,0.000000,0.000000,0.000000,0.000000,0.908308,0.816984,0.386088,0.550222,19.230014,15.980956,0.440649,0.666949,0.928550,1.000000,1.000000,1.000000,1.000000,0.642748,0.913453,"[1.0, 1.0, 1.0, 1.0, 0.5672658351158255]",1.000000,1.000000,1.000000,1.000000,0.567266,0.934688,"[1.0, 1.0, 1.0, 1.0, 0.673441467248818]",1.000000,1.000000,1.000000,1.000000,0.673441,0.920830,"[1.0, 1.0, 1.0, 1.0, 0.6041523016119279]",1.000000,1.000000,1.000000,1.000000,0.604152
40,0.639881,0.602187,0.000000,0.000000,0.000000,0.000000,0.907954,0.816721,0.387734,0.558137,19.195668,15.876061,0.442533,0.675627,0.928550,1.000000,1.000000,1.000000,1.000000,0.642748,0.913453,"[1.0, 1.0, 1.0, 1.0, 0.5672658351158255]",1.000000,1.000000,1.000000,1.000000,0.567266,0.934688,"[1.0, 1.0, 1.0, 1.0, 0.673441467248818]",1.000000,1.000000,1.000000,1.000000,0.673441,0.920830,"[1.0, 1.0, 1.0, 1.0, 0.6041523016119279]",1.000000,1.000000,1.000000,1.000000,0.604152
41,0.652862,0.596673,0.000000,0.000000,0.000000,0.000000,0.907541,0.816393,0.389630,0.568734,19.156269,15.737274,0.444705,0.687287,0.928550,1.000000,1.000000,1.000000,1.000000,0.642748,0.913453,"[1.0, 1.0, 1.0, 1.0, 0.5672658351158255]",1.000000,1.000000,1.000000,1.000000,0.567266,0.934688,"[1.0, 1.0, 1.0, 1.0, 0.673441467248818]",1.000000,1.000000,1.000000,1.000000,0.673441,0.920830,"[1.0, 1.0, 1.0, 1.0, 0.6041523016119279]",1.000000,1.000000,1.000000,1.000000,0.604152
42,0.651105,0.595577,0.000000,0.000000,0.000000,0.000000,0.907213,0.816083,0.391132,0.579535,19.125230,15.597856,0.446423,0.699210,0.928550,1.000000,1.000000,1.000000,1.000000,0.642748,0.913453,"[1.0, 1.0, 1.0, 1.0, 0.5672658351158255]",1.000000,1.000000,1.000000,1.000000,0.567266,0.934688,"[1.0, 1.0, 1.0, 1.0, 0.673441467248818]",1.000000,1.000000,1.000000,1.000000,0.673441,0.920830,"[1.0, 1.0, 1.0, 1.0, 0.6041523016119279]",1.000000,1.000000,1.000000,1.000000,0.604152
43,0.636756,0.605400,0.000000,0.000000,0.000000,0.000000,0.907082,0.815900,0.391727,0.586361,19.112961,15.510730,0.447104,0.706770,0.928550,1.000000,1.000000,1.000000,1.000000,0.642748,0.913453,"[1.0, 1.0, 1.0, 1.0, 0.5672658351158255]",1.000000,1.000000,1.000000,1.000000,0.567266,0.934688,"[1.0, 1.0, 1.0, 1.0, 0.673441467248818]",1.000000,1.000000,1.000000,1.000000,0.673441,0.920830,"[1.0, 1.0, 1.0, 1.0, 0.6041523016119279]",1.000000,1.000000,1.000000,1.000000,0.604152
44,0.644556,0.596269,0.000000,0.000000,0.000000,0.000000,0.906896,0.815710,0.392573,0.593884,19.095563,15.415534,0.448072,0.715126,0.928550,1.000000,1.000000,1.000000,1.000000,0.642748,0.913453,"[1.0, 1.0, 1.0, 1.0, 0.5672658351158255]",1.000000,1.000000,1.000000,1.000000,0.567266,0.934688,"[1.0, 1.0, 1.0, 1.0, 0.673441467248818]",1.000000,1.000000,1.000000,1.000000,0.673441,0.920830,"[1.0, 1.0, 1.0, 1.0, 0.6041523016119279]",1.000000,1.000000,1.000000,1.000000,0.604152
45,0.642162,0.597933,0.000000,0.000000,0.000000,0.000000,0.906749,0.815559,0.393233,0.600154,19.082031,15.336852,0.448826,0.722110,0.928550,1.000000,1.000000,1.000000,1.000000,0.642748,0.913453,"[1.0, 1.0, 1.0, 1.0, 0.5672658351158255]",1.000000,1.000000,1.000000,1.000000,0.567266,0.934688,"[1.0, 1.0, 1.0, 1.0, 0.673441467248818]",1.000000,1.000000,1.000000,1.000000,0.673441,0.920830,"[1.0, 1.0, 1.0, 1.0, 0.6041523016119279]",1.000000,1.000000,1.000000,1.000000,0.604152
46,0.650771,0.588727,0.000000,0.000000,0.000000,0.000000,0.906592,0.815425,0.393943,0.606054,19.067487,15.263296,0.449637,0.728703,0.928550,1.000000,1.000000,1.000000,1.000000,0.642748,0.913453,"[1.0, 1.0, 1.0, 1.0, 0.5672658351158255]",1.000000,1.000000,1.000000,1.000000,0.567266,0.934688,"[1.0, 1.0, 1.0, 1.0, 0.673441467248818]",1.000000,1.000000,1.000000,1.000000,0.673441,0.920830,"[1.0, 1.0, 1.0, 1.0, 0.6041523016119279]",1.000000,1.000000,1.000000,1.000000,0.604152
47,0.672767,0.581062,0.000000,0.000000,0.000000,0.000000,0.906466,0.815315,0.394510,0.611085,19.055899,15.200931,0.450285,0.734341,0.928550,1.000000,1.000000,1.000000,1.000000,0.642748,0.913453,"[1.0, 1.0, 1.0, 1.0, 0.5672658351158255]",1.000000,1.000000,1.000000,1.000000,0.567266,0.934688,"[1.0, 1.0, 1.0, 1.0, 0.673441467248818]",1.000000,1.000000,1.000000,1.000000,0.673441,0.920830,"[1.0, 1.0, 1.0, 1.0, 0.6041523016119279]",1.000000,1.000000,1.000000,1.000000,0.604152
48,0.691930,0.568595,0.000000,0.000000,0.000000,0.000000,0.906373,0.815245,0.394925,0.614462,19.047434,15.159249,0.450759,0.738135,0.928550,1.000000,1.000000,1.000000,1.000000,0.642748,0.913453,"[1.0, 1.0, 1.0, 1.0, 0.5672658351158255]",1.000000,1.000000,1.000000,1.000000,0.567266,0.934688,"[1.0, 1.0, 1.0, 1.0, 0.673441467248818]",1.000000,1.000000,1.000000,1.000000,0.673441,0.920830,"[1.0, 1.0, 1.0, 1.0, 0.6041523016119279]",1.000000,1.000000,1.000000,1.000000,0.604152
49,0.696136,0.561088,0.000000,0.000000,0.000000,0.000000,0.906306,0.815217,0.395226,0.615828,19.041292,15.142430,0.451103,0.739672,0.928550,1.000000,1.000000,1.000000,1.000000,0.642748,0.913453,"[1.0, 1.0, 1.0, 1.0, 0.5672658351158255]",1.000000,1.000000,1.000000,1.000000,0.567266,0.934688,"[1.0, 1.0, 1.0, 1.0, 0.673441467248818]",1.000000,1.000000,1.000000,1.000000,0.673441,0.920830,"[1.0, 1.0, 1.0, 1.0, 0.6041523016119279]",1.000000,1.000000,1.000000,1.000000,0.604152
50,0.752125,0.517616,0.000000,0.000000,0.000000,0.000000,0.906270,0.815195,0.395390,0.616868,19.037970,15.129641,0.451289,0.740842,0.928550,1.000000,1.000000,1.000000,1.000000,0.642748,0.913453,"[1.0, 1.0, 1.0, 1.0, 0.5672658351158255]",1.000000,1.000000,1.000000,1.000000,0.567266,0.934688,"[1.0, 1.0, 1.0, 1.0, 0.673441467248818]",1.000000,1.000000,1.000000,1.000000,0.673441,0.920830,"[1.0, 1.0, 1.0, 1.0, 0.6041523016119279]",1.000000,1.000000,1.000000,1.000000,0.604152
51,0.793602,0.474848,0.000000,0.000000,0.000000,0.000000,0.906270,0.815195,0.395390,0.616868,19.037970,15.129641,0.451289,0.740842,0.928550,1.000000,1.000000,1.000000,1.000000,0.642748,0.913453,"[1.0, 1.0, 1.0, 1.0, 0.5672658351158255]",1.000000,1.000000,1.000000,1.000000,0.567266,0.934688,"[1.0, 1.0, 1.0, 1.0, 0.673441467248818]",1.000000,1.000000,1.000000,1.000000,0.673441,0.920830,"[1.0, 1.0, 1.0, 1.0, 0.6041523016119279]",1.000000,1.000000,1.000000,1.000000,0.604152
52,0.651610,0.656303,0.000000,0.000000,0.000000,0.000000,0.906266,0.815193,0.395407,0.616969,19.037606,15.128409,0.451310,0.740955,0.928550,1.000000,1.000000,1.000000,1.000000,0.642748,0.913453,"[1.0, 1.0, 1.0, 1.0, 0.5672658351158255]",1.000000,1.000000,1.000000,1.000000,0.567266,0.934688,"[1.0, 1.0, 1.0, 1.0, 0.673441467248818]",1.000000,1.000000,1.000000,1.000000,0.673441,0.920830,"[1.0, 1.0, 1.0, 1.0, 0.6041523016119279]",1.000000,1.000000,1.000000,1.000000,0.604152
53,0.614048,0.612048,0.000000,0.000000,0.000000,0.000000,0.906263,0.815193,0.395417,0.616987,19.037401,15.128189,0.451321,0.740975,0.928550,1.000000,1.000000,1.000000,1.000000,0.642748,0.913453,"[1.0, 1.0, 1.0, 1.0, 0.5672658351158255]",1.000000,1.000000,1.000000,1.000000,0.567266,0.934688,"[1.0, 1.0, 1.0, 1.0, 0.673441467248818]",1.000000,1.000000,1.000000,1.000000,0.673441,0.920830,"[1.0, 1.0, 1.0, 1.0, 0.6041523016119279]",1.000000,1.000000,1.000000,1.000000,0.604152
54,0.611905,0.610639,0.000000,0.000000,0.000000,0.000000,0.906261,0.815193,0.395431,0.617002,19.037135,15.127999,0.451336,0.740993,0.928550,1.000000,1.000000,1.000000,1.000000,0.642748,0.913453,"[1.0, 1.0, 1.0, 1.0, 0.5672658351158255]",1.000000,1.000000,1.000000,1.000000,0.567266,0.934688,"[1.0, 1.0, 1.0, 1.0, 0.673441467248818]",1.000000,1.000000,1.000000,1.000000,0.673441,0.920830,"[1.0, 1.0, 1.0, 1.0, 0.6041523016119279]",1.000000,1.000000,1.000000,1.000000,0.604152
55,0.610721,0.609858,0.000000,0.000000,0.000000,0.000000,0.906257,0.815192,0.395448,0.617023,19.036777,15.127738,0.451356,0.741017,0.928550,1.000000,1.000000,1.000000,1.000000,0.642748,0.913453,"[1.0, 1.0, 1.0, 1.0, 0.5672658351158255]",1.000000,1.000000,1.000000,1.000000,0.567266,0.934688,"[1.0, 1.0, 1.0, 1.0, 0.673441467248818]",1.000000,1.000000,1.000000,1.000000,0.673441,0.920830,"[1.0, 1.0, 1.0, 1.0, 0.6041523016119279]",1.000000,1.000000,1.000000,1.000000,0.604152
56,0.610827,0.609604,0.000000,0.000000,0.000000,0.000000,0.906251,0.815192,0.395474,0.617053,19.036244,15.127375,0.451386,0.741050,0.928550,1.000000,1.000000,1.000000,1.000000,0.642748,0.913453,"[1.0, 1.0, 1.0, 1.0, 0.5672658351158255]",1.000000,1.000000,1.000000,1.000000,0.567266,0.934688,"[1.0, 1.0, 1.0, 1.0, 0.673441467248818]",1.000000,1.000000,1.000000,1.000000,0.673441,0.920830,"[1.0, 1.0, 1.0, 1.0, 0.6041523016119279]",1.000000,1.000000,1.000000,1.000000,0.604152
57,0.610942,0.609342,0.000000,0.000000,0.000000,0.000000,0.906242,0.815191,0.395513,0.617099,19.035452,15.126811,0.451431,0.741102,0.928550,1.000000,1.000000,1.000000,1.000000,0.642748,0.913453,"[1.0, 1.0, 1.0, 1.0, 0.5672658351158255]",1.000000,1.000000,1.000000,1.000000,0.567266,0.934688,"[1.0, 1.0, 1.0, 1.0, 0.673441467248818]",1.000000,1.000000,1.000000,1.000000,0.673441,0.920830,"[1.0, 1.0, 1.0, 1.0, 0.6041523016119279]",1.000000,1.000000,1.000000,1.000000,0.604152
58,0.610935,0.609199,0.000000,0.000000,0.000000,0.000000,0.906231,0.815190,0.395562,0.617153,19.034458,15.126149,0.451487,0.741162,0.928550,1.000000,1.000000,1.000000,1.000000,0.642748,0.913453,"[1.0, 1.0, 1.0, 1.0, 0.5672658351158255]",1.000000,1.000000,1.000000,1.000000,0.567266,0.934688,"[1.0, 1.0, 1.0, 1.0, 0.673441467248818]",1.000000,1.000000,1.000000,1.000000,0.673441,0.920830,"[1.0, 1.0, 1.0, 1.0, 0.6041523016119279]",1.000000,1.000000,1.000000,1.000000,0.604152
59,0.610136,0.609086,0.000000,0.000000,0.000000,0.000000,0.906218,0.815189,0.395622,0.617195,19.033235,15.125627,0.451555,0.741210,0.928550,1.000000,1.000000,1.000000,1.000000,0.642748,0.913453,"[1.0, 1.0, 1.0, 1.0, 0.5672658351158255]",1.000000,1.000000,1.000000,1.000000,0.567266,0.934688,"[1.0, 1.0, 1.0, 1.0, 0.673441467248818]",1.000000,1.000000,1.000000,1.000000,0.673441,0.920830,"[1.0, 1.0, 1.0, 1.0, 0.6041523016119279]",1.000000,1.000000,1.000000,1.000000,0.604152
60,0.609737,0.608986,0.000000,0.000000,0.000000,0.000000,0.906200,0.815187,0.395702,0.617266,19.031600,15.124762,0.451647,0.741289,0.928550,1.000000,1.000000,1.000000,1.000000,0.642748,0.913453,"[1.0, 1.0, 1.0, 1.0, 0.5672658351158255]",1.000000,1.000000,1.000000,1.000000,0.567266,0.934688,"[1.0, 1.0, 1.0, 1.0, 0.673441467248818]",1.000000,1.000000,1.000000,1.000000,0.673441,0.920830,"[1.0, 1.0, 1.0, 1.0, 0.6041523016119279]",1.000000,1.000000,1.000000,1.000000,0.604152
61,0.609869,0.608893,0.000000,0.000000,0.000000,0.000000,0.906180,0.815186,0.395789,0.617347,19.029831,15.123767,0.451746,0.741381,0.928550,1.000000,1.000000,1.000000,1.000000,0.642748,0.913453,"[1.0, 1.0, 1.0, 1.0, 0.5672658351158255]",1.000000,1.000000,1.000000,1.000000,0.567266,0.934688,"[1.0, 1.0, 1.0, 1.0, 0.673441467248818]",1.000000,1.000000,1.000000,1.000000,0.673441,0.920830,"[1.0, 1.0, 1.0, 1.0, 0.6041523016119279]",1.000000,1.000000,1.000000,1.000000,0.604152
62,0.609669,0.608787,0.000000,0.000000,0.000000,0.000000,0.906151,0.815183,0.395922,0.617477,19.027116,15.122166,0.451899,0.741527,0.928550,1.000000,1.000000,1.000000,1.000000,0.642748,0.913453,"[1.0, 1.0, 1.0, 1.0, 0.5672658351158255]",1.000000,1.000000,1.000000,1.000000,0.567266,0.934688,"[1.0, 1.0, 1.0, 1.0, 0.673441467248818]",1.000000,1.000000,1.000000,1.000000,0.673441,0.920830,"[1.0, 1.0, 1.0, 1.0, 0.6041523016119279]",1.000000,1.000000,1.000000,1.000000,0.604152
63,0.609542,0.608711,0.000000,0.000000,0.000000,0.000000,0.906109,0.815181,0.396109,0.617585,19.023320,15.120840,0.452112,0.741649,0.928550,1.000000,1.000000,1.000000,1.000000,0.642748,0.913453,"[1.0, 1.0, 1.0, 1.0, 0.5672658351158255]",1.000000,1.000000,1.000000,1.000000,0.567266,0.934688,"[1.0, 1.0, 1.0, 1.0, 0.673441467248818]",1.000000,1.000000,1.000000,1.000000,0.673441,0.920830,"[1.0, 1.0, 1.0, 1.0, 0.6041523016119279]",1.000000,1.000000,1.000000,1.000000,0.604152
64,0.609817,0.608596,0.000000,0.000000,0.000000,0.000000,0.906055,0.815179,0.396351,0.617685,19.018390,15.119612,0.452389,0.741762,0.928550,1.000000,1.000000,1.000000,1.000000,0.642748,0.913453,"[1.0, 1.0, 1.0, 1.0, 0.5672658351158255]",1.000000,1.000000,1.000000,1.000000,0.567266,0.934688,"[1.0, 1.0, 1.0, 1.0, 0.673441467248818]",1.000000,1.000000,1.000000,1.000000,0.673441,0.920830,"[1.0, 1.0, 1.0, 1.0, 0.6041523016119279]",1.000000,1.000000,1.000000,1.000000,0.604152
65,0.609298,0.608503,0.000000,0.000000,0.000000,0.000000,0.906000,0.815176,0.396594,0.617825,19.013472,15.117898,0.452666,0.741919,0.928550,1.000000,1.000000,1.000000,1.000000,0.642748,0.913453,"[1.0, 1.0, 1.0, 1.0, 0.5672658351158255]",1.000000,1.000000,1.000000,1.000000,0.567266,0.934688,"[1.0, 1.0, 1.0, 1.0, 0.673441467248818]",1.000000,1.000000,1.000000,1.000000,0.673441,0.920830,"[1.0, 1.0, 1.0, 1.0, 0.6041523016119279]",1.000000,1.000000,1.000000,1.000000,0.604152
66,0.610447,0.608425,0.000000,0.000000,0.000000,0.000000,0.905927,0.815173,0.396923,0.618004,19.006817,15.115698,0.453040,0.742121,0.928550,1.000000,1.000000,1.000000,1.000000,0.642748,0.913453,"[1.0, 1.0, 1.0, 1.0, 0.5672658351158255]",1.000000,1.000000,1.000000,1.000000,0.567266,0.934688,"[1.0, 1.0, 1.0, 1.0, 0.673441467248818]",1.000000,1.000000,1.000000,1.000000,0.673441,0.920830,"[1.0, 1.0, 1.0, 1.0, 0.6041523016119279]",1.000000,1.000000,1.000000,1.000000,0.604152
67,0.609221,0.608451,0.000000,0.000000,0.000000,0.000000,0.905866,0.815168,0.397190,0.618241,19.001423,15.112783,0.453343,0.742388,0.928550,1.000000,1.000000,1.000000,1.000000,0.642748,0.913453,"[1.0, 1.0, 1.0, 1.0, 0.5672658351158255]",1.000000,1.000000,1.000000,1.000000,0.567266,0.934688,"[1.0, 1.0, 1.0, 1.0, 0.673441467248818]",1.000000,1.000000,1.000000,1.000000,0.673441,0.920830,"[1.0, 1.0, 1.0, 1.0, 0.6041523016119279]",1.000000,1.000000,1.000000,1.000000,0.604152
68,0.609066,0.608425,0.000000,0.000000,0.000000,0.000000,0.905803,0.815161,0.397471,0.618566,18.995719,15.108802,0.453665,0.742754,0.928550,1.000000,1.000000,1.000000,1.000000,0.642748,0.913453,"[1.0, 1.0, 1.0, 1.0, 0.5672658351158255]",1.000000,1.000000,1.000000,1.000000,0.567266,0.934688,"[1.0, 1.0, 1.0, 1.0, 0.673441467248818]",1.000000,1.000000,1.000000,1.000000,0.673441,0.920830,"[1.0, 1.0, 1.0, 1.0, 0.6041523016119279]",1.000000,1.000000,1.000000,1.000000,0.604152
69,0.609007,0.608363,0.000000,0.000000,0.000000,0.000000,0.905732,0.815152,0.397784,0.619039,18.989387,15.103002,0.454022,0.743286,0.928550,1.000000,1.000000,1.000000,1.000000,0.642748,0.913453,"[1.0, 1.0, 1.0, 1.0, 0.5672658351158255]",1.000000,1.000000,1.000000,1.000000,0.567266,0.934688,"[1.0, 1.0, 1.0, 1.0, 0.673441467248818]",1.000000,1.000000,1.000000,1.000000,0.673441,0.920830,"[1.0, 1.0, 1.0, 1.0, 0.6041523016119279]",1.000000,1.000000,1.000000,1.000000,0.604152
70,0.608811,0.608335,0.000000,0.000000,0.000000,0.000000,0.905675,0.815139,0.398039,0.619670,18.984241,15.095269,0.454312,0.743998,0.928550,1.000000,1.000000,1.000000,1.000000,0.642748,0.913453,"[1.0, 1.0, 1.0, 1.0, 0.5672658351158255]",1.000000,1.000000,1.000000,1.000000,0.567266,0.934688,"[1.0, 1.0, 1.0, 1.0, 0.673441467248818]",1.000000,1.000000,1.000000,1.000000,0.673441,0.920830,"[1.0, 1.0, 1.0, 1.0, 0.6041523016119279]",1.000000,1.000000,1.000000,1.000000,0.604152
71,0.608576,0.608212,0.000000,0.000000,0.000000,0.000000,0.905591,0.815122,0.398409,0.620540,18.976774,15.084608,0.454734,0.744979,0.928550,1.000000,1.000000,1.000000,1.000000,0.642748,0.913453,"[1.0, 1.0, 1.0, 1.0, 0.5672658351158255]",1.000000,1.000000,1.000000,1.000000,0.567266,0.934688,"[1.0, 1.0, 1.0, 1.0, 0.673441467248818]",1.000000,1.000000,1.000000,1.000000,0.673441,0.920830,"[1.0, 1.0, 1.0, 1.0, 0.6041523016119279]",1.000000,1.000000,1.000000,1.000000,0.604152
72,0.608536,0.608110,0.000000,0.000000,0.000000,0.000000,0.905478,0.815099,0.398905,0.621713,18.966753,15.070253,0.455301,0.746302,0.928550,1.000000,1.000000,1.000000,1.000000,0.642748,0.913453,"[1.0, 1.0, 1.0, 1.0, 0.5672658351158255]",1.000000,1.000000,1.000000,1.000000,0.567266,0.934688,"[1.0, 1.0, 1.0, 1.0, 0.673441467248818]",1.000000,1.000000,1.000000,1.000000,0.673441,0.920830,"[1.0, 1.0, 1.0, 1.0, 0.6041523016119279]",1.000000,1.000000,1.000000,1.000000,0.604152
73,0.608585,0.608026,0.000000,0.000000,0.000000,0.000000,0.905355,0.815071,0.399446,0.623106,18.955864,15.053234,0.455917,0.747874,0.928550,1.000000,1.000000,1.000000,1.000000,0.642748,0.913453,"[1.0, 1.0, 1.0, 1.0, 0.5672658351158255]",1.000000,1.000000,1.000000,1.000000,0.567266,0.934688,"[1.0, 1.0, 1.0, 1.0, 0.673441467248818]",1.000000,1.000000,1.000000,1.000000,0.673441,0.920830,"[1.0, 1.0, 1.0, 1.0, 0.6041523016119279]",1.000000,1.000000,1.000000,1.000000,0.604152
74,0.608501,0.608005,0.000000,0.000000,0.000000,0.000000,0.905226,0.815032,0.400014,0.625145,18.944435,15.028362,0.456565,0.750178,0.928550,1.000000,1.000000,1.000000,1.000000,0.642748,0.913453,"[1.0, 1.0, 1.0, 1.0, 0.5672658351158255]",1.000000,1.000000,1.000000,1.000000,0.567266,0.934688,"[1.0, 1.0, 1.0, 1.0, 0.673441467248818]",1.000000,1.000000,1.000000,1.000000,0.673441,0.920830,"[1.0, 1.0, 1.0, 1.0, 0.6041523016119279]",1.000000,1.000000,1.000000,1.000000,0.604152
75,0.608307,0.607899,0.000000,0.000000,0.000000,0.000000,0.905090,0.814978,0.400610,0.628095,18.932493,14.992430,0.457243,0.753520,0.928550,1.000000,1.000000,1.000000,1.000000,0.642748,0.913453,"[1.0, 1.0, 1.0, 1.0, 0.5672658351158255]",1.000000,1.000000,1.000000,1.000000,0.567266,0.934688,"[1.0, 1.0, 1.0, 1.0, 0.673441467248818]",1.000000,1.000000,1.000000,1.000000,0.673441,0.920830,"[1.0, 1.0, 1.0, 1.0, 0.6041523016119279]",1.000000,1.000000,1.000000,1.000000,0.604152
76,0.608446,0.607887,0.000000,0.000000,0.000000,0.000000,0.904965,0.814907,0.401154,0.631978,18.921599,14.945282,0.457863,0.757927,0.928550,1.000000,1.000000,1.000000,1.000000,0.642748,0.913453,"[1.0, 1.0, 1.0, 1.0, 0.5672658351158255]",1.000000,1.000000,1.000000,1.000000,0.567266,0.934688,"[1.0, 1.0, 1.0, 1.0, 0.673441467248818]",1.000000,1.000000,1.000000,1.000000,0.673441,0.920830,"[1.0, 1.0, 1.0, 1.0, 0.6041523016119279]",1.000000,1.000000,1.000000,1.000000,0.604152
77,0.608331,0.607818,0.000000,0.000000,0.000000,0.000000,0.904842,0.814822,0.401686,0.636861,18.910959,14.886220,0.458469,0.763486,0.928550,1.000000,1.000000,1.000000,1.000000,0.642748,0.913453,"[1.0, 1.0, 1.0, 1.0, 0.5672658351158255]",1.000000,1.000000,1.000000,1.000000,0.567266,0.934688,"[1.0, 1.0, 1.0, 1.0, 0.673441467248818]",1.000000,1.000000,1.000000,1.000000,0.673441,0.920830,"[1.0, 1.0, 1.0, 1.0, 0.6041523016119279]",1.000000,1.000000,1.000000,1.000000,0.604152
78,0.608484,0.607766,0.000000,0.000000,0.000000,0.000000,0.904731,0.814732,0.402168,0.642375,18.901362,14.819804,0.459016,0.769790,0.928550,1.000000,1.000000,1.000000,1.000000,0.642748,0.913453,"[1.0, 1.0, 1.0, 1.0, 0.5672658351158255]",1.000000,1.000000,1.000000,1.000000,0.567266,0.934688,"[1.0, 1.0, 1.0, 1.0, 0.673441467248818]",1.000000,1.000000,1.000000,1.000000,0.673441,0.920830,"[1.0, 1.0, 1.0, 1.0, 0.6041523016119279]",1.000000,1.000000,1.000000,1.000000,0.604152
79,0.608361,0.607703,0.000000,0.000000,0.000000,0.000000,0.904627,0.814633,0.402620,0.649064,18.892338,14.739623,0.459531,0.777474,0.928550,1.000000,1.000000,1.000000,1.000000,0.642748,0.913453,"[1.0, 1.0, 1.0, 1.0, 0.5672658351158255]",1.000000,1.000000,1.000000,1.000000,0.567266,0.934688,"[1.0, 1.0, 1.0, 1.0, 0.673441467248818]",1.000000,1.000000,1.000000,1.000000,0.673441,0.920830,"[1.0, 1.0, 1.0, 1.0, 0.6041523016119279]",1.000000,1.000000,1.000000,1.000000,0.604152
80,0.608405,0.607658,0.000000,0.000000,0.000000,0.000000,0.904543,0.814552,0.402987,0.655095,18.885053,14.667618,0.459947,0.784443,0.928550,1.000000,1.000000,1.000000,1.000000,0.642748,0.913453,"[1.0, 1.0, 1.0, 1.0, 0.5672658351158255]",1.000000,1.000000,1.000000,1.000000,0.567266,0.934688,"[1.0, 1.0, 1.0, 1.0, 0.673441467248818]",1.000000,1.000000,1.000000,1.000000,0.673441,0.920830,"[1.0, 1.0, 1.0, 1.0, 0.6041523016119279]",1.000000,1.000000,1.000000,1.000000,0.604152
81,0.608616,0.607643,0.000000,0.000000,0.000000,0.000000,0.904488,0.814475,0.403231,0.661145,18.880224,14.595710,0.460222,0.791462,0.928550,1.000000,1.000000,1.000000,1.000000,0.642748,0.913453,"[1.0, 1.0, 1.0, 1.0, 0.5672658351158255]",1.000000,1.000000,1.000000,1.000000,0.567266,0.934688,"[1.0, 1.0, 1.0, 1.0, 0.673441467248818]",1.000000,1.000000,1.000000,1.000000,0.673441,0.920830,"[1.0, 1.0, 1.0, 1.0, 0.6041523016119279]",1.000000,1.000000,1.000000,1.000000,0.604152
82,0.607946,0.607754,0.000000,0.000000,0.000000,0.000000,0.904488,0.814416,0.403231,0.666335,18.880224,14.534195,0.460222,0.797520,0.928550,1.000000,1.000000,1.000000,1.000000,0.642748,0.913453,"[1.0, 1.0, 1.0, 1.0, 0.5672658351158255]",1.000000,1.000000,1.000000,1.000000,0.567266,0.934688,"[1.0, 1.0, 1.0, 1.0, 0.673441467248818]",1.000000,1.000000,1.000000,1.000000,0.673441,0.920830,"[1.0, 1.0, 1.0, 1.0, 0.6041523016119279]",1.000000,1.000000,1.000000,1.000000,0.604152
83,0.607930,0.607699,0.000000,0.000000,0.000000,0.000000,0.904488,0.814370,0.403231,0.670960,18.880224,14.479534,0.460222,0.802943,0.928550,1.000000,1.000000,1.000000,1.000000,0.642748,0.913453,"[1.0, 1.0, 1.0, 1.0, 0.5672658351158255]",1.000000,1.000000,1.000000,1.000000,0.567266,0.934688,"[1.0, 1.0, 1.0, 1.0, 0.673441467248818]",1.000000,1.000000,1.000000,1.000000,0.673441,0.920830,"[1.0, 1.0, 1.0, 1.0, 0.6041523016119279]",1.000000,1.000000,1.000000,1.000000,0.604152
84,0.607973,0.607657,0.000000,0.000000,0.000000,0.000000,0.904488,0.814331,0.403231,0.675162,18.880224,14.429967,0.460222,0.807892,0.928550,1.000000,1.000000,1.000000,1.000000,0.642748,0.913453,"[1.0, 1.0, 1.0, 1.0, 0.5672658351158255]",1.000000,1.000000,1.000000,1.000000,0.567266,0.934688,"[1.0, 1.0, 1.0, 1.0, 0.673441467248818]",1.000000,1.000000,1.000000,1.000000,0.673441,0.920830,"[1.0, 1.0, 1.0, 1.0, 0.6041523016119279]",1.000000,1.000000,1.000000,1.000000,0.604152
85,0.607900,0.607639,0.000000,0.000000,0.000000,0.000000,0.904488,0.814311,0.403231,0.677426,18.880224,14.403305,0.460222,0.810567,0.928550,1.000000,1.000000,1.000000,1.000000,0.642748,0.913453,"[1.0, 1.0, 1.0, 1.0, 0.5672658351158255]",1.000000,1.000000,1.000000,1.000000,0.567266,0.934688,"[1.0, 1.0, 1.0, 1.0, 0.673441467248818]",1.000000,1.000000,1.000000,1.000000,0.673441,0.920830,"[1.0, 1.0, 1.0, 1.0, 0.6041523016119279]",1.000000,1.000000,1.000000,1.000000,0.604152
86,0.607639,0.607648,0.000000,0.000000,0.000000,0.000000,0.904488,0.814311,0.403231,0.677426,18.880224,14.403305,0.460222,0.810567,0.928550,1.000000,1.000000,1.000000,1.000000,0.642748,0.913453,"[1.0, 1.0, 1.0, 1.0, 0.5672658351158255]",1.000000,1.000000,1.000000,1.000000,0.567266,0.934688,"[1.0, 1.0, 1.0, 1.0, 0.673441467248818]",1.000000,1.000000,1.000000,1.000000,0.673441,0.920830,"[1.0, 1.0, 1.0, 1.0, 0.6041523016119279]",1.000000,1.000000,1.000000,1.000000,0.604152
87,0.607625,0.607631,0.000000,0.000000,0.000000,0.000000,0.904488,0.814311,0.403231,0.677426,18.880224,14.403305,0.460222,0.810567,0.928550,1.000000,1.000000,1.000000,1.000000,0.642748,0.913453,"[1.0, 1.0, 1.0, 1.0, 0.5672658351158255]",1.000000,1.000000,1.000000,1.000000,0.567266,0.934688,"[1.0, 1.0, 1.0, 1.0, 0.673441467248818]",1.000000,1.000000,1.000000,1.000000,0.673441,0.920830,"[1.0, 1.0, 1.0, 1.0, 0.6041523016119279]",1.000000,1.000000,1.000000,1.000000,0.604152
88,0.607606,0.607610,0.000000,0.000000,0.000000,0.000000,0.904488,0.814311,0.403231,0.677426,18.880224,14.403305,0.460222,0.810567,0.928550,1.000000,1.000000,1.000000,1.000000,0.642748,0.913453,"[1.0, 1.0, 1.0, 1.0, 0.5672658351158255]",1.000000,1.000000,1.000000,1.000000,0.567266,0.934688,"[1.0, 1.0, 1.0, 1.0, 0.673441467248818]",1.000000,1.000000,1.000000,1.000000,0.673441,0.920830,"[1.0, 1.0, 1.0, 1.0, 0.6041523016119279]",1.000000,1.000000,1.000000,1.000000,0.604152
89,0.607580,0.607594,0.000000,0.000000,0.000000,0.000000,0.904488,0.814311,0.403231,0.677426,18.880224,14.403305,0.460222,0.810567,0.928550,1.000000,1.000000,1.000000,1.000000,0.642748,0.913453,"[1.0, 1.0, 1.0, 1.0, 0.5672658351158255]",1.000000,1.000000,1.000000,1.000000,0.567266,0.934688,"[1.0, 1.0, 1.0, 1.0, 0.673441467248818]",1.000000,1.000000,1.000000,1.000000,0.673441,0.920830,"[1.0, 1.0, 1.0, 1.0, 0.6041523016119279]",1.000000,1.000000,1.000000,1.000000,0.604152
81,0.608825,0.607686,0.000000,0.000000,0.000000,0.000000,0.904487,0.814472,0.403231,0.661431,18.880210,14.592322,0.460223,0.791794,0.928549,1.000000,1.000000,1.000000,1.000000,0.642747,0.913453,"[1.0, 1.0, 1.0, 1.0, 0.5672671207369465]",1.000000,1.000000,1.000000,1.000000,0.567267,0.934682,"[1.0, 1.0, 1.0, 1.0, 0.6734116151608723]",1.000000,1.000000,1.000000,1.000000,0.673412,0.920824,"[1.0, 1.0, 1.0, 1.0, 0.6041224978805133]",1.000000,1.000000,1.000000,1.000000,0.604122
82,0.607940,0.607705,0.000000,0.000000,0.000000,0.000000,0.904487,0.814408,0.403231,0.667101,18.880210,14.525155,0.460223,0.798413,0.928549,1.000000,1.000000,1.000000,1.000000,0.642747,0.913453,"[1.0, 1.0, 1.0, 1.0, 0.5672671207369465]",1.000000,1.000000,1.000000,1.000000,0.567267,0.934682,"[1.0, 1.0, 1.0, 1.0, 0.6734116151608723]",1.000000,1.000000,1.000000,1.000000,0.673412,0.920824,"[1.0, 1.0, 1.0, 1.0, 0.6041224978805133]",1.000000,1.000000,1.000000,1.000000,0.604122
83,0.607969,0.607686,0.000000,0.000000,0.000000,0.000000,0.904487,0.814361,0.403231,0.671668,18.880210,14.471189,0.460223,0.803772,0.928549,1.000000,1.000000,1.000000,1.000000,0.642747,0.913453,"[1.0, 1.0, 1.0, 1.0, 0.5672671207369465]",1.000000,1.000000,1.000000,1.000000,0.567267,0.934682,"[1.0, 1.0, 1.0, 1.0, 0.6734116151608723]",1.000000,1.000000,1.000000,1.000000,0.673412,0.920824,"[1.0, 1.0, 1.0, 1.0, 0.6041224978805133]",1.000000,1.000000,1.000000,1.000000,0.604122
84,0.608054,0.607662,0.000000,0.000000,0.000000,0.000000,0.904487,0.814322,0.403231,0.675764,18.880210,14.422889,0.460223,0.808598,0.928549,1.000000,1.000000,1.000000,1.000000,0.642747,0.913453,"[1.0, 1.0, 1.0, 1.0, 0.5672671207369465]",1.000000,1.000000,1.000000,1.000000,0.567267,0.934682,"[1.0, 1.0, 1.0, 1.0, 0.6734116151608723]",1.000000,1.000000,1.000000,1.000000,0.673412,0.920824,"[1.0, 1.0, 1.0, 1.0, 0.6041224978805133]",1.000000,1.000000,1.000000,1.000000,0.604122
85,0.607771,0.607636,0.000000,0.000000,0.000000,0.000000,0.904487,0.814311,0.403231,0.677431,18.880210,14.403238,0.460223,0.810574,0.928549,1.000000,1.000000,1.000000,1.000000,0.642747,0.913453,"[1.0, 1.0, 1.0, 1.0, 0.5672671207369465]",1.000000,1.000000,1.000000,1.000000,0.567267,0.934682,"[1.0, 1.0, 1.0, 1.0, 0.6734116151608723]",1.000000,1.000000,1.000000,1.000000,0.673412,0.920824,"[1.0, 1.0, 1.0, 1.0, 0.6041224978805133]",1.000000,1.000000,1.000000,1.000000,0.604122
86,0.607633,0.607646,0.000000,0.000000,0.000000,0.000000,0.904487,0.814311,0.403231,0.677431,18.880210,14.403238,0.460223,0.810574,0.928549,1.000000,1.000000,1.000000,1.000000,0.642747,0.913453,"[1.0, 1.0, 1.0, 1.0, 0.5672671207369465]",1.000000,1.000000,1.000000,1.000000,0.567267,0.934682,"[1.0, 1.0, 1.0, 1.0, 0.6734116151608723]",1.000000,1.000000,1.000000,1.000000,0.673412,0.920824,"[1.0, 1.0, 1.0, 1.0, 0.6041224978805133]",1.000000,1.000000,1.000000,1.000000,0.604122
87,0.607619,0.607624,0.000000,0.000000,0.000000,0.000000,0.904487,0.814311,0.403231,0.677431,18.880210,14.403238,0.460223,0.810574,0.928549,1.000000,1.000000,1.000000,1.000000,0.642747,0.913453,"[1.0, 1.0, 1.0, 1.0, 0.5672671207369465]",1.000000,1.000000,1.000000,1.000000,0.567267,0.934682,"[1.0, 1.0, 1.0, 1.0, 0.6734116151608723]",1.000000,1.000000,1.000000,1.000000,0.673412,0.920824,"[1.0, 1.0, 1.0, 1.0, 0.6041224978805133]",1.000000,1.000000,1.000000,1.000000,0.604122
88,0.607605,0.607623,0.000000,0.000000,0.000000,0.000000,0.904487,0.814311,0.403231,0.677431,18.880210,14.403238,0.460223,0.810574,0.928549,1.000000,1.000000,1.000000,1.000000,0.642747,0.913453,"[1.0, 1.0, 1.0, 1.0, 0.5672671207369465]",1.000000,1.000000,1.000000,1.000000,0.567267,0.934682,"[1.0, 1.0, 1.0, 1.0, 0.6734116151608723]",1.000000,1.000000,1.000000,1.000000,0.673412,0.920824,"[1.0, 1.0, 1.0, 1.0, 0.6041224978805133]",1.000000,1.000000,1.000000,1.000000,0.604122
89,0.607577,0.607583,0.000000,0.000000,0.000000,0.000000,0.904487,0.814311,0.403231,0.677431,18.880210,14.403238,0.460223,0.810574,0.928549,1.000000,1.000000,1.000000,1.000000,0.642747,0.913453,"[1.0, 1.0, 1.0, 1.0, 0.5672671207369465]",1.000000,1.000000,1.000000,1.000000,0.567267,0.934682,"[1.0, 1.0, 1.0, 1.0, 0.6734116151608723]",1.000000,1.000000,1.000000,1.000000,0.673412,0.920824,"[1.0, 1.0, 1.0, 1.0, 0.6041224978805133]",1.000000,1.000000,1.000000,1.000000,0.604122
90,0.607562,0.607578,0.000000,0.000000,0.000000,0.000000,0.904487,0.814311,0.403231,0.677431,18.880210,14.403238,0.460223,0.810574,0.928549,1.000000,1.000000,1.000000,1.000000,0.642747,0.913453,"[1.0, 1.0, 1.0, 1.0, 0.5672671207369465]",1.000000,1.000000,1.000000,1.000000,0.567267,0.934682,"[1.0, 1.0, 1.0, 1.0, 0.6734116151608723]",1.000000,1.000000,1.000000,1.000000,0.673412,0.920824,"[1.0, 1.0, 1.0, 1.0, 0.6041224978805133]",1.000000,1.000000,1.000000,1.000000,0.604122
91,0.607552,0.607564,0.000000,0.000000,0.000000,0.000000,0.904487,0.814311,0.403231,0.677431,18.880210,14.403238,0.460223,0.810574,0.928549,1.000000,1.000000,1.000000,1.000000,0.642747,0.913453,"[1.0, 1.0, 1.0, 1.0, 0.5672671207369465]",1.000000,1.000000,1.000000,1.000000,0.567267,0.934682,"[1.0, 1.0, 1.0, 1.0, 0.6734116151608723]",1.000000,1.000000,1.000000,1.000000,0.673412,0.920824,"[1.0, 1.0, 1.0, 1.0, 0.6041224978805133]",1.000000,1.000000,1.000000,1.000000,0.604122
92,0.607534,0.607547,0.000000,0.000000,0.000000,0.000000,0.904487,0.814311,0.403231,0.677431,18.880210,14.403238,0.460223,0.810574,0.928549,1.000000,1.000000,1.000000,1.000000,0.642747,0.913453,"[1.0, 1.0, 1.0, 1.0, 0.5672671207369465]",1.000000,1.000000,1.000000,1.000000,0.567267,0.934682,"[1.0, 1.0, 1.0, 1.0, 0.6734116151608723]",1.000000,1.000000,1.000000,1.000000,0.673412,0.920824,"[1.0, 1.0, 1.0, 1.0, 0.6041224978805133]",1.000000,1.000000,1.000000,1.000000,0.604122
93,0.607528,0.607537,0.000000,0.000000,0.000000,0.000000,0.904487,0.814311,0.403231,0.677431,18.880210,14.403238,0.460223,0.810574,0.928549,1.000000,1.000000,1.000000,1.000000,0.642747,0.913453,"[1.0, 1.0, 1.0, 1.0, 0.5672671207369465]",1.000000,1.000000,1.000000,1.000000,0.567267,0.934682,"[1.0, 1.0, 1.0, 1.0, 0.6734116151608723]",1.000000,1.000000,1.000000,1.000000,0.673412,0.920824,"[1.0, 1.0, 1.0, 1.0, 0.6041224978805133]",1.000000,1.000000,1.000000,1.000000,0.604122
94,0.607508,0.607526,0.000000,0.000000,0.000000,0.000000,0.904487,0.814311,0.403231,0.677431,18.880210,14.403238,0.460223,0.810574,0.928549,1.000000,1.000000,1.000000,1.000000,0.642747,0.913453,"[1.0, 1.0, 1.0, 1.0, 0.5672671207369465]",1.000000,1.000000,1.000000,1.000000,0.567267,0.934682,"[1.0, 1.0, 1.0, 1.0, 0.6734116151608723]",1.000000,1.000000,1.000000,1.000000,0.673412,0.920824,"[1.0, 1.0, 1.0, 1.0, 0.6041224978805133]",1.000000,1.000000,1.000000,1.000000,0.604122
95,0.607492,0.607515,0.000000,0.000000,0.000000,0.000000,0.904487,0.814311,0.403231,0.677431,18.880210,14.403238,0.460223,0.810574,0.928549,1.000000,1.000000,1.000000,1.000000,0.642747,0.913453,"[1.0, 1.0, 1.0, 1.0, 0.5672671207369465]",1.000000,1.000000,1.000000,1.000000,0.567267,0.934682,"[1.0, 1.0, 1.0, 1.0, 0.6734116151608723]",1.000000,1.000000,1.000000,1.000000,0.673412,0.920824,"[1.0, 1.0, 1.0, 1.0, 0.6041224978805133]",1.000000,1.000000,1.000000,1.000000,0.604122
96,0.607486,0.607509,0.000000,0.000000,0.000000,0.000000,0.904487,0.814311,0.403231,0.677431,18.880210,14.403238,0.460223,0.810574,0.928549,1.000000,1.000000,1.000000,1.000000,0.642747,0.913453,"[1.0, 1.0, 1.0, 1.0, 0.5672671207369465]",1.000000,1.000000,1.000000,1.000000,0.567267,0.934682,"[1.0, 1.0, 1.0, 1.0, 0.6734116151608723]",1.000000,1.000000,1.000000,1.000000,0.673412,0.920824,"[1.0, 1.0, 1.0, 1.0, 0.6041224978805133]",1.000000,1.000000,1.000000,1.000000,0.604122
97,0.607475,0.607504,0.000000,0.000000,0.000000,0.000000,0.904487,0.814311,0.403231,0.677431,18.880210,14.403238,0.460223,0.810574,0.928549,1.000000,1.000000,1.000000,1.000000,0.642747,0.913453,"[1.0, 1.0, 1.0, 1.0, 0.5672671207369465]",1.000000,1.000000,1.000000,1.000000,0.567267,0.934682,"[1.0, 1.0, 1.0, 1.0, 0.6734116151608723]",1.000000,1.000000,1.000000,1.000000,0.673412,0.920824,"[1.0, 1.0, 1.0, 1.0, 0.6041224978805133]",1.000000,1.000000,1.000000,1.000000,0.604122
98,0.607460,0.607501,0.000000,0.000000,0.000000,0.000000,0.904487,0.814311,0.403231,0.677431,18.880210,14.403238,0.460223,0.810574,0.928549,1.000000,1.000000,1.000000,1.000000,0.642747,0.913453,"[1.0, 1.0, 1.0, 1.0, 0.5672671207369465]",1.000000,1.000000,1.000000,1.000000,0.567267,0.934682,"[1.0, 1.0, 1.0, 1.0, 0.6734116151608723]",1.000000,1.000000,1.000000,1.000000,0.673412,0.920824,"[1.0, 1.0, 1.0, 1.0, 0.6041224978805133]",1.000000,1.000000,1.000000,1.000000,0.604122
99,0.607452,0.607501,0.000000,0.000000,0.000000,0.000000,0.904487,0.814311,0.403231,0.677431,18.880210,14.403238,0.460223,0.810574,0.928549,1.000000,1.000000,1.000000,1.000000,0.642747,0.913453,"[1.0, 1.0, 1.0, 1.0, 0.5672671207369465]",1.000000,1.000000,1.000000,1.000000,0.567267,0.934682,"[1.0, 1.0, 1.0, 1.0, 0.6734116151608723]",1.000000,1.000000,1.000000,1.000000,0.673412,0.920824,"[1.0, 1.0, 1.0, 1.0, 0.6041224978805133]",1.000000,1.000000,1.000000,1.000000,0.604122
100,0.607436,0.607500,0.000000,0.000000,0.000000,0.000000,0.904487,0.814311,0.403231,0.677431,18.880210,14.403238,0.460223,0.810574,0.928549,1.000000,1.000000,1.000000,1.000000,0.642747,0.913453,"[1.0, 1.0, 1.0, 1.0, 0.5672671207369465]",1.000000,1.000000,1.000000,1.000000,0.567267,0.934682,"[1.0, 1.0, 1.0, 1.0, 0.6734116151608723]",1.000000,1.000000,1.000000,1.000000,0.673412,0.920824,"[1.0, 1.0, 1.0, 1.0, 0.6041224978805133]",1.000000,1.000000,1.000000,1.000000,0.604122
