epoch,loss_G_total,loss_D_total,loss_paired,loss_cycle,loss_seg,loss_anatomy,mr2ct_ssim,ct2mr_ssim,mr2ct_mae,ct2mr_mae,mr2ct_psnr,ct2mr_psnr,mr2ct_rmse,ct2mr_rmse,mean_dice,dice_class_1,dice_class_2,dice_class_3,dice_class_4,dice_class_5,mean_iou,iou_per_class,iou_class_1,iou_class_2,iou_class_3,iou_class_4,iou_class_5,ct_seg_mean_dice,ct_seg_per_class,ct_seg_class_1,ct_seg_class_2,ct_seg_class_3,ct_seg_class_4,ct_seg_class_5,ct_seg_mean_iou,ct_seg_iou_per_class,ct_seg_iou_class_1,ct_seg_iou_class_2,ct_seg_iou_class_3,ct_seg_iou_class_4,ct_seg_iou_class_5
1,1.475809,0.644353,0.000000,0.604388,0.000000,0.000000,0.910977,0.818523,0.129030,0.500804,26.227500,16.194763,0.191626,0.648756,0.057085,0.057477,0.057477,0.057477,0.057477,0.055517,0.056861,"[0.05747663633748333, 0.05747663712386254, 0.05747663703488909, 0.057476635967514345, 0.05439745088133784]",0.057477,0.057477,0.057477,0.057477,0.054397,0.042535,"[0.042056075653091045, 0.04205607647258424, 0.04205607624553534, 0.042056075212952036, 0.04445242822279008]",0.042056,0.042056,0.042056,0.042056,0.044452,0.042296,"[0.042056075653091045, 0.04205607647258424, 0.04205607624553534, 0.042056075212952036, 0.04325795820083103]",0.042056,0.042056,0.042056,0.042056,0.043258
2,1.310277,0.575690,0.000000,0.479538,0.000000,0.000000,0.908021,0.821528,0.127875,0.328884,26.305183,18.987960,0.191294,0.457518,0.057120,0.057477,0.057477,0.057477,0.057477,0.055692,0.056878,"[0.05747663609906748, 0.057476640492941336, 0.057476637058802356, 0.05747663600569065, 0.05448560988205385]",0.057477,0.057477,0.057477,0.057477,0.054486,0.042515,"[0.042056075401283054, 0.04205607901025014, 0.042056076408814605, 0.042056075235646743, 0.04435317417996087]",0.042056,0.042056,0.042056,0.042056,0.044353,0.042286,"[0.042056075401283054, 0.04205607901025014, 0.042056076408814605, 0.042056075235646743, 0.04320814313705521]",0.042056,0.042056,0.042056,0.042056,0.043208
3,1.459073,0.520406,0.000000,0.435055,0.000000,0.000000,0.914339,0.822856,0.111871,0.353506,26.953857,18.442881,0.176736,0.489389,0.057172,0.057477,0.057477,0.057477,0.057477,0.055955,0.056905,"[0.05747663623557372, 0.05747663791926736, 0.057476637033457095, 0.05747663596749226, 0.054618092648050176]",0.057477,0.057477,0.057477,0.057477,0.054618,0.042558,"[0.04205607555542428, 0.042056077420156636, 0.042056076423301315, 0.042056075191404925, 0.04456429984082581]",0.042056,0.042056,0.042056,0.042056,0.044564,0.042308,"[0.04205607555542428, 0.042056077420156636, 0.042056076423301315, 0.042056075191404925, 0.04331419578061245]",0.042056,0.042056,0.042056,0.042056,0.043314
4,1.247988,0.557136,0.000000,0.400693,0.000000,0.000000,0.908648,0.822377,0.127100,0.326679,25.979718,18.955449,0.197604,0.459083,0.057080,0.057477,0.057477,0.057477,0.057477,0.055492,0.056858,"[0.05747663625853109, 0.05747663989320463, 0.05747663716308341, 0.05747663597434688, 0.05438493356683431]",0.057477,0.057477,0.057477,0.057477,0.054385,0.042488,"[0.042056075560367154, 0.042056079042069136, 0.04205607657673704, 0.042056075204233476, 0.04421447331829313]",0.042056,0.042056,0.042056,0.042056,0.044214,0.042273,"[0.042056075560367154, 0.042056079042069136, 0.04205607657673704, 0.042056075204233476, 0.043138364394558266]",0.042056,0.042056,0.042056,0.042056,0.043138
5,1.327243,0.526692,0.000000,0.395582,0.000000,0.000000,0.917632,0.820019,0.126558,0.312974,26.710012,19.419131,0.183710,0.435498,0.057143,0.057477,0.057477,0.057477,0.057477,0.055810,0.056890,"[0.057476636523381044, 0.05747663950454454, 0.05747663692864752, 0.057476635922174835, 0.05454558952277881]",0.057477,0.057477,0.057477,0.057477,0.054546,0.042569,"[0.04205607584347559, 0.042056077870555195, 0.04205607622198474, 0.04205607514611568, 0.044621741916201184]",0.042056,0.042056,0.042056,0.042056,0.044622,0.042313,"[0.04205607584347559, 0.042056077870555195, 0.04205607622198474, 0.04205607514611568, 0.04334303221027073]",0.042056,0.042056,0.042056,0.042056,0.043343
6,1.266477,0.534055,0.000000,0.383979,0.000000,0.000000,0.914288,0.822227,0.145333,0.343875,25.773807,18.614628,0.206744,0.478749,0.057147,0.057477,0.057477,0.057477,0.057477,0.055827,0.056892,"[0.057476636483331074, 0.05747663944408433, 0.05747663672776387, 0.05747663591225554, 0.054553521908308096]",0.057477,0.057477,0.057477,0.057477,0.054554,0.042576,"[0.04205607570467051, 0.04205607863372889, 0.04205607615397703, 0.042056075169135065, 0.04465633674394777]",0.042056,0.042056,0.042056,0.042056,0.044656,0.042317,"[0.04205607570467051, 0.04205607863372889, 0.04205607615397703, 0.042056075169135065, 0.04336052495461606]",0.042056,0.042056,0.042056,0.042056,0.043361
7,1.347778,0.507371,0.000000,0.399661,0.000000,0.000000,0.910563,0.823096,0.131855,0.321373,25.889226,19.000693,0.199082,0.455278,0.057113,0.057477,0.057477,0.057477,0.057477,0.055659,0.056875,"[0.05747663633177, 0.05747664110313622, 0.05747663674861108, 0.05747663599145298, 0.054469414758634156]",0.057477,0.057477,0.057477,0.057477,0.054469,0.042494,"[0.04205607561716689, 0.04205607910794916, 0.0420560760798076, 0.04205607519494453, 0.04424483685412954]",0.042056,0.042056,0.042056,0.042056,0.044245,0.042276,"[0.04205607561716689, 0.04205607910794916, 0.0420560760798076, 0.04205607519494453, 0.04315341888824622]",0.042056,0.042056,0.042056,0.042056,0.043153
8,1.365394,0.497789,0.000000,0.404317,0.000000,0.000000,0.908770,0.824676,0.127274,0.345691,26.392049,18.689565,0.188440,0.474335,0.057182,0.057477,0.057477,0.057477,0.057477,0.056005,0.056910,"[0.05747663632178038, 0.05747663915880939, 0.05747663682546543, 0.057476635970564384, 0.05464360780403984]",0.057477,0.057477,0.057477,0.057477,0.054644,0.042633,"[0.04205607563998527, 0.04205607827251179, 0.04205607622675655, 0.04205607518386683, 0.04494062458832448]",0.042056,0.042056,0.042056,0.042056,0.044941,0.042346,"[0.04205607563998527, 0.04205607827251179, 0.04205607622675655, 0.04205607518386683, 0.04350374910919237]",0.042056,0.042056,0.042056,0.042056,0.043504
9,1.395677,0.487329,0.000000,0.405043,0.000000,0.000000,0.914970,0.825413,0.126776,0.315492,26.460566,19.171912,0.187638,0.447062,0.057172,0.057477,0.057477,0.057477,0.057477,0.055955,0.056905,"[0.057476636422447866, 0.0574766386997286, 0.05747663694502835, 0.05747663591384258, 0.054618463898515886]",0.057477,0.057477,0.057477,0.057477,0.054618,0.042540,"[0.0420560756625187, 0.04205607799309234, 0.04205607652119767, 0.04205607513713772, 0.04447475439030916]",0.042056,0.042056,0.042056,0.042056,0.044475,0.042299,"[0.0420560756625187, 0.04205607799309234, 0.04205607652119767, 0.04205607513713772, 0.043269309779257165]",0.042056,0.042056,0.042056,0.042056,0.043269
10,1.408511,0.480931,0.000000,0.404295,0.000000,0.000000,0.918545,0.824575,0.121232,0.296967,26.649355,19.827493,0.186229,0.413890,0.057157,0.057477,0.057477,0.057477,0.057477,0.055877,0.056897,"[0.05747663648659121, 0.057476641435202945, 0.05747663661481506, 0.057476635966258016, 0.05457912294931768]",0.057477,0.057477,0.057477,0.057477,0.054579,0.042509,"[0.04205607575434588, 0.042056080239370915, 0.04205607602057501, 0.04205607519882146, 0.04432210936111366]",0.042056,0.042056,0.042056,0.042056,0.044322,0.042283,"[0.04205607575434588, 0.042056080239370915, 0.04205607602057501, 0.04205607519882146, 0.043192820956479853]",0.042056,0.042056,0.042056,0.042056,0.043193
11,1.415528,0.473294,0.000000,0.393157,0.000000,0.000000,0.909639,0.828862,0.126309,0.292532,26.474001,19.864452,0.187748,0.411586,0.057122,0.057477,0.057477,0.057477,0.057477,0.055701,0.056879,"[0.057476636539561865, 0.05747664001698883, 0.05747663691358569, 0.057476635906592494, 0.05449060276165798]",0.057477,0.057477,0.057477,0.057477,0.054491,0.042464,"[0.04205607579734927, 0.04205608002224086, 0.042056076374970136, 0.042056075149568495, 0.04409560889396812]",0.042056,0.042056,0.042056,0.042056,0.044096,0.042261,"[0.04205607579734927, 0.04205608002224086, 0.042056076374970136, 0.042056075149568495, 0.043078443213408917]",0.042056,0.042056,0.042056,0.042056,0.043078
12,1.429775,0.466757,0.000000,0.394539,0.000000,0.000000,0.917032,0.832217,0.120534,0.266373,26.723539,20.570386,0.181483,0.378419,0.057055,0.057477,0.057477,0.057477,0.057477,0.055367,0.056846,"[0.0574766363569553, 0.05747663814021087, 0.057476637051331256, 0.057476635965555176, 0.05432193958264419]",0.057477,0.057477,0.057477,0.057477,0.054322,0.042404,"[0.042056075686101334, 0.04205607711930998, 0.042056076316827305, 0.04205607520221423, 0.04379403854619449]",0.042056,0.042056,0.042056,0.042056,0.043794,0.042230,"[0.042056075686101334, 0.04205607711930998, 0.042056076316827305, 0.04205607520221423, 0.04292690630245146]",0.042056,0.042056,0.042056,0.042056,0.042927
13,1.469268,0.453179,0.000000,0.399790,0.000000,0.000000,0.913420,0.828305,0.117205,0.292453,26.751743,19.926340,0.181669,0.410195,0.057073,0.057477,0.057477,0.057477,0.057477,0.055460,0.056855,"[0.05747663618109105, 0.057476639933418054, 0.05747663765532272, 0.057476635991988934, 0.05436887943708835]",0.057477,0.057477,0.057477,0.057477,0.054369,0.042495,"[0.04205607545491451, 0.04205607856156125, 0.04205607707174114, 0.042056075220404776, 0.04425273126614364]",0.042056,0.042056,0.042056,0.042056,0.044253,0.042276,"[0.04205607545491451, 0.04205607856156125, 0.04205607707174114, 0.042056075220404776, 0.04315756498995566]",0.042056,0.042056,0.042056,0.042056,0.043158
14,1.491766,0.448816,0.000000,0.405190,0.000000,0.000000,0.916848,0.831459,0.128056,0.281172,26.331243,20.140683,0.192697,0.399386,0.057104,0.057477,0.057477,0.057477,0.057477,0.055613,0.056870,"[0.05747663622548344, 0.05747664112721337, 0.057476636941112665, 0.05747663602362895, 0.054445747471365734]",0.057477,0.057477,0.057477,0.057477,0.054446,0.042521,"[0.042056075542421426, 0.0420560792197992, 0.042056076408256815, 0.04205607521133312, 0.04438103684879972]",0.042056,0.042056,0.042056,0.042056,0.044381,0.042289,"[0.042056075542421426, 0.0420560792197992, 0.042056076408256815, 0.04205607521133312, 0.043221970426665826]",0.042056,0.042056,0.042056,0.042056,0.043222
15,1.495507,0.446157,0.000000,0.399245,0.000000,0.000000,0.913117,0.832000,0.117032,0.270114,26.707576,20.404178,0.181005,0.385444,0.057205,0.057477,0.057477,0.057477,0.057477,0.056116,0.056921,"[0.057476636182708, 0.0574766388877507, 0.05747663762111583, 0.05747663593525325, 0.05469930230245637]",0.057477,0.057477,0.057477,0.057477,0.054699,0.042617,"[0.042056075499251534, 0.04205607777133783, 0.04205607698599994, 0.0420560751746968, 0.044860657366053144]",0.042056,0.042056,0.042056,0.042056,0.044861,0.042338,"[0.042056075499251534, 0.04205607777133783, 0.04205607698599994, 0.0420560751746968, 0.043463478061820666]",0.042056,0.042056,0.042056,0.042056,0.043463
16,1.505820,0.440252,0.000000,0.397808,0.000000,0.000000,0.913148,0.828704,0.133201,0.276512,25.947272,20.227383,0.201353,0.392716,0.057260,0.057477,0.057477,0.057477,0.057477,0.056392,0.056949,"[0.05747663620379391, 0.05747664121163895, 0.05747663685231178, 0.057476635925614396, 0.05483835898881958]",0.057477,0.057477,0.057477,0.057477,0.054838,0.042636,"[0.042056075535097236, 0.04205608054743534, 0.042056076282250096, 0.04205607515008291, 0.04495604284048329]",0.042056,0.042056,0.042056,0.042056,0.044956,0.042347,"[0.042056075535097236, 0.04205608054743534, 0.042056076282250096, 0.04205607515008291, 0.04351165520031979]",0.042056,0.042056,0.042056,0.042056,0.043512
17,1.527666,0.436300,0.000000,0.395537,0.000000,0.000000,0.919774,0.830823,0.120329,0.269794,26.670970,20.491364,0.184326,0.382974,0.057016,0.057477,0.057477,0.057477,0.057477,0.055173,0.056826,"[0.0574766361863409, 0.05747664034561494, 0.05747663703778027, 0.05747663601829482, 0.05422459839673567]",0.057477,0.057477,0.057477,0.057477,0.054225,0.042418,"[0.04205607547533323, 0.042056080429437405, 0.04205607642577511, 0.04205607523775673, 0.04386357251682062]",0.042056,0.042056,0.042056,0.042056,0.043864,0.042237,"[0.04205607547533323, 0.042056080429437405, 0.04205607642577511, 0.04205607523775673, 0.04296185788617818]",0.042056,0.042056,0.042056,0.042056,0.042962
18,1.539983,0.431220,0.000000,0.398523,0.000000,0.000000,0.918932,0.835010,0.116970,0.272975,26.929987,20.438652,0.178714,0.385873,0.057212,0.057477,0.057477,0.057477,0.057477,0.056152,0.056925,"[0.057476636189584485, 0.05747663856362618, 0.05747663695941178, 0.05747663594470271, 0.05471778533048415]",0.057477,0.057477,0.057477,0.057477,0.054718,0.042531,"[0.04205607551831371, 0.0420560773552065, 0.04205607631472902, 0.04205607517649699, 0.04443030956050218]",0.042056,0.042056,0.042056,0.042056,0.044430,0.042294,"[0.04205607551831371, 0.0420560773552065, 0.04205607631472902, 0.04205607517649699, 0.0432468479222985]",0.042056,0.042056,0.042056,0.042056,0.043247
19,1.547298,0.427987,0.000000,0.392974,0.000000,0.000000,0.918497,0.833236,0.106039,0.271155,27.345809,20.423119,0.168252,0.385097,0.057259,0.057477,0.057477,0.057477,0.057477,0.056391,0.056949,"[0.05747663655909225, 0.057476638833764096, 0.05747663661687247, 0.0574766359168587, 0.05483785777845912]",0.057477,0.057477,0.057477,0.057477,0.054838,0.042622,"[0.04205607578888987, 0.04205607848990436, 0.04205607610289776, 0.04205607514604316, 0.044884758648554186]",0.042056,0.042056,0.042056,0.042056,0.044885,0.042340,"[0.04205607578888987, 0.04205607848990436, 0.04205607610289776, 0.04205607514604316, 0.04347578301616457]",0.042056,0.042056,0.042056,0.042056,0.043476
20,1.599634,0.412037,0.000000,0.397469,0.000000,0.000000,0.918281,0.829509,0.128718,0.289768,26.148658,20.094100,0.195594,0.404247,0.057155,0.057477,0.057477,0.057477,0.057477,0.055868,0.056896,"[0.05747663622844507, 0.057476638542634594, 0.05747663711805401, 0.05747663593241665, 0.05457443379530267]",0.057477,0.057477,0.057477,0.057477,0.054574,0.042486,"[0.042056075496353276, 0.042056077876018214, 0.0420560766507675, 0.042056075182891686, 0.04420322618586538]",0.042056,0.042056,0.042056,0.042056,0.044203,0.042271,"[0.042056075496353276, 0.042056077876018214, 0.0420560766507675, 0.042056075182891686, 0.0431325473569453]",0.042056,0.042056,0.042056,0.042056,0.043133
21,1.609675,0.405448,0.000000,0.399193,0.000000,0.000000,0.916150,0.833454,0.126059,0.271944,26.416488,20.437408,0.190387,0.386057,0.057195,0.057477,0.057477,0.057477,0.057477,0.056066,0.056916,"[0.05747663643465211, 0.057476639624558054, 0.057476636549186375, 0.05747663594172553, 0.0546744290654846]",0.057477,0.057477,0.057477,0.057477,0.054674,0.042507,"[0.04205607578576967, 0.04205607898569161, 0.0420560758007522, 0.042056075191900084, 0.044312324107351635]",0.042056,0.042056,0.042056,0.042056,0.044312,0.042282,"[0.04205607578576967, 0.04205607898569161, 0.0420560758007522, 0.042056075191900084, 0.04318744065521774]",0.042056,0.042056,0.042056,0.042056,0.043187
22,1.623941,0.400976,0.000000,0.400616,0.000000,0.000000,0.911641,0.832472,0.126636,0.273522,26.087855,20.439757,0.196075,0.385193,0.057131,0.057477,0.057477,0.057477,0.057477,0.055748,0.056884,"[0.057476636403308676, 0.05747663995096586, 0.05747663679678065, 0.057476635936994876, 0.054513565130013444]",0.057477,0.057477,0.057477,0.057477,0.054514,0.042542,"[0.04205607569515372, 0.042056079032155365, 0.042056076154982344, 0.042056075172554115, 0.04448371568356314]",0.042056,0.042056,0.042056,0.042056,0.044484,0.042300,"[0.04205607569515372, 0.042056079032155365, 0.042056076154982344, 0.042056075172554115, 0.04327360320236314]",0.042056,0.042056,0.042056,0.042056,0.043274
23,1.652365,0.391090,0.000000,0.403483,0.000000,0.000000,0.921817,0.833180,0.108233,0.278448,27.259523,20.299183,0.169746,0.393628,0.057327,0.057477,0.057477,0.057477,0.057477,0.056727,0.056983,"[0.057476636271899355, 0.05747663880785211, 0.057476636901483504, 0.05747663592424783, 0.05500743310059635]",0.057477,0.057477,0.057477,0.057477,0.055007,0.042656,"[0.04205607562451122, 0.042056078442948557, 0.04205607624672311, 0.04205607515004086, 0.045055294867169145]",0.042056,0.042056,0.042056,0.042056,0.045055,0.042357,"[0.04205607562451122, 0.042056078442948557, 0.04205607624672311, 0.04205607515004086, 0.04356166634315726]",0.042056,0.042056,0.042056,0.042056,0.043562
24,1.653973,0.391710,0.000000,0.400658,0.000000,0.000000,0.910464,0.817114,0.136575,0.619582,26.179615,14.830508,0.195415,0.767113,0.057266,0.057477,0.057477,0.057477,0.057477,0.056423,0.056952,"[0.05747663609037345, 0.057476641949725474, 0.05747663718470607, 0.05747663594031647, 0.05485439167076955]",0.057477,0.057477,0.057477,0.057477,0.054854,0.042563,"[0.04205607540534283, 0.04205607991314971, 0.04205607640652731, 0.04205607518268685, 0.04458846591364356]",0.042056,0.042056,0.042056,0.042056,0.044588,0.042310,"[0.04205607540534283, 0.04205607991314971, 0.04205607640652731, 0.04205607518268685, 0.04332664525153612]",0.042056,0.042056,0.042056,0.042056,0.043327
25,1.747266,0.372702,0.000000,0.433504,0.000000,0.000000,0.920581,0.833171,0.116353,0.278730,26.833859,20.208684,0.181859,0.397142,0.057217,0.057477,0.057477,0.057477,0.057477,0.056177,0.056927,"[0.05747663634920509, 0.05747664018373234, 0.0574766365971771, 0.05747663595653565, 0.05473029790991813]",0.057477,0.057477,0.057477,0.057477,0.054730,0.042525,"[0.042056075572420894, 0.04205607846770805, 0.04205607596706563, 0.04205607519520586, 0.04439878921809354]",0.042056,0.042056,0.042056,0.042056,0.044399,0.042291,"[0.042056075572420894, 0.04205607846770805, 0.04205607596706563, 0.04205607519520586, 0.04323127516505271]",0.042056,0.042056,0.042056,0.042056,0.043231
26,1.675309,0.384271,0.000000,0.400504,0.000000,0.000000,0.923257,0.834497,0.106201,0.255195,27.548636,20.925880,0.164491,0.362704,0.057222,0.057477,0.057477,0.057477,0.057477,0.056203,0.056930,"[0.057476636240756614, 0.05747663885185878, 0.057476636995261, 0.05747663592962416, 0.05474322429414889]",0.057477,0.057477,0.057477,0.057477,0.054743,0.042562,"[0.042056075550917796, 0.04205607798011658, 0.04205607640588621, 0.04205607517053565, 0.04458745551562583]",0.042056,0.042056,0.042056,0.042056,0.044587,0.042310,"[0.042056075550917796, 0.04205607798011658, 0.04205607640588621, 0.04205607517053565, 0.043325984402347306]",0.042056,0.042056,0.042056,0.042056,0.043326
27,1.681983,0.381765,0.000000,0.399330,0.000000,0.000000,0.919082,0.836574,0.119580,0.268935,26.703361,20.533566,0.182921,0.381328,0.057154,0.057477,0.057477,0.057477,0.057477,0.055865,0.056896,"[0.05747663632446666, 0.05747664099179752, 0.05747663707078523, 0.05747663594009952, 0.05457258756998364]",0.057477,0.057477,0.057477,0.057477,0.054573,0.042508,"[0.04205607563591532, 0.042056080586491705, 0.04205607640564301, 0.04205607516934646, 0.044313860545212726]",0.042056,0.042056,0.042056,0.042056,0.044314,0.042283,"[0.04205607563591532, 0.042056080586491705, 0.04205607640564301, 0.04205607516934646, 0.043188215810191256]",0.042056,0.042056,0.042056,0.042056,0.043188
28,1.697012,0.377650,0.000000,0.393671,0.000000,0.000000,0.915362,0.832675,0.143295,0.279062,25.857985,20.389446,0.204657,0.387390,0.057194,0.057477,0.057477,0.057477,0.057477,0.056062,0.056916,"[0.05747663638891774, 0.05747663961279688, 0.05747663685282404, 0.057476635880367055, 0.05467233962226092]",0.057477,0.057477,0.057477,0.057477,0.054672,0.042523,"[0.04205607569074645, 0.04205607872336086, 0.04205607619415035, 0.04205607514947679, 0.044390336715751634]",0.042056,0.042056,0.042056,0.042056,0.044390,0.042290,"[0.04205607569074645, 0.04205607872336086, 0.04205607619415035, 0.04205607514947679, 0.04322666187441162]",0.042056,0.042056,0.042056,0.042056,0.043227
29,1.717768,0.369325,0.000000,0.399047,0.000000,0.000000,0.917014,0.837172,0.109878,0.260282,27.107182,20.786524,0.172543,0.371612,0.057178,0.057477,0.057477,0.057477,0.057477,0.055983,0.056908,"[0.05747663650199521, 0.057476637549855644, 0.057476636589315434, 0.05747663597034221, 0.05463192893067732]",0.057477,0.057477,0.057477,0.057477,0.054632,0.042519,"[0.04205607583787461, 0.042056076932115945, 0.04205607598675574, 0.04205607517825573, 0.044371392610678476]",0.042056,0.042056,0.042056,0.042056,0.044371,0.042288,"[0.04205607583787461, 0.042056076932115945, 0.04205607598675574, 0.04205607517825573, 0.043216975916413575]",0.042056,0.042056,0.042056,0.042056,0.043217
30,1.718549,0.363019,0.000000,0.393171,0.000000,0.000000,0.915279,0.836415,0.127593,0.257590,26.460020,20.880817,0.189807,0.367620,0.057213,0.057477,0.057477,0.057477,0.057477,0.056158,0.056925,"[0.05747663625367827, 0.057476639083420204, 0.0574766368006661, 0.05747663593111094, 0.054719843018468765]",0.057477,0.057477,0.057477,0.057477,0.054720,0.042547,"[0.04205607553445612, 0.042056078648890584, 0.042056076122588375, 0.04205607517993891, 0.044508666627075574]",0.042056,0.042056,0.042056,0.042056,0.044509,0.042302,"[0.04205607553445612, 0.042056078648890584, 0.042056076122588375, 0.04205607517993891, 0.043285922751668586]",0.042056,0.042056,0.042056,0.042056,0.043286
31,1.742682,0.356134,0.000000,0.393470,0.000000,0.000000,0.920637,0.833268,0.120897,0.278605,26.841610,20.287711,0.183018,0.394551,0.057150,0.057477,0.057477,0.057477,0.057477,0.055845,0.056894,"[0.05747663636566682, 0.05747663754159091, 0.05747663680717347, 0.05747663592833433, 0.05456270321534711]",0.057477,0.057477,0.057477,0.057477,0.054563,0.042518,"[0.042056075685104694, 0.042056076867797124, 0.042056076085090655, 0.04205607518158186, 0.04436483751019029]",0.042056,0.042056,0.042056,0.042056,0.044365,0.042288,"[0.042056075685104694, 0.042056076867797124, 0.042056076085090655, 0.04205607518158186, 0.04321373231286859]",0.042056,0.042056,0.042056,0.042056,0.043214
32,1.744227,0.353671,0.000000,0.390047,0.000000,0.000000,0.920378,0.837932,0.118790,0.261964,26.708117,20.725448,0.183779,0.374365,0.057138,0.057477,0.057477,0.057477,0.057477,0.055782,0.056887,"[0.05747663628318456, 0.05747663889975602, 0.0574766371065069, 0.057476635936561805, 0.05453074565612617]",0.057477,0.057477,0.057477,0.057477,0.054531,0.042509,"[0.04205607556179436, 0.0420560785807163, 0.0420560765350348, 0.042056075183986394, 0.044322949902085546]",0.042056,0.042056,0.042056,0.042056,0.044323,0.042283,"[0.04205607556179436, 0.0420560785807163, 0.0420560765350348, 0.042056075183986394, 0.04319275017023204]",0.042056,0.042056,0.042056,0.042056,0.043193
33,1.758657,0.348966,0.000000,0.387314,0.000000,0.000000,0.919184,0.834249,0.131556,0.275618,26.133026,20.339563,0.197866,0.392623,0.057199,0.057477,0.057477,0.057477,0.057477,0.056088,0.056918,"[0.057476636465043994, 0.05747663831866703, 0.05747663689837206, 0.05747663589173143, 0.05468511246559768]",0.057477,0.057477,0.057477,0.057477,0.054685,0.042546,"[0.04205607575108405, 0.04205607786075265, 0.042056076277605596, 0.0420560751480453, 0.04450593158625995]",0.042056,0.042056,0.042056,0.042056,0.044506,0.042302,"[0.04205607575108405, 0.04205607786075265, 0.042056076277605596, 0.0420560751480453, 0.043284568449092724]",0.042056,0.042056,0.042056,0.042056,0.043285
34,1.771170,0.344071,0.000000,0.387441,0.000000,0.000000,0.919881,0.836595,0.119258,0.257782,26.817997,20.917986,0.182754,0.365458,0.057153,0.057477,0.057477,0.057477,0.057477,0.055859,0.056895,"[0.05747663640766847, 0.0574766382376458, 0.05747663684078321, 0.05747663592035025, 0.05456981426787144]",0.057477,0.057477,0.057477,0.057477,0.054570,0.042498,"[0.04205607571736475, 0.0420560778176102, 0.0420560762064598, 0.042056075156320726, 0.04426606534873683]",0.042056,0.042056,0.042056,0.042056,0.044266,0.042278,"[0.04205607571736475, 0.0420560778176102, 0.0420560762064598, 0.042056075156320726, 0.04316405252513676]",0.042056,0.042056,0.042056,0.042056,0.043164
35,1.774862,0.343835,0.000000,0.386946,0.000000,0.000000,0.919885,0.837785,0.125179,0.255504,26.515753,20.969278,0.190773,0.364314,0.057285,0.057477,0.057477,0.057477,0.057477,0.056520,0.056962,"[0.0574766363220722, 0.057476637872736075, 0.05747663701787346, 0.057476635900800696, 0.054903380351456324]",0.057477,0.057477,0.057477,0.057477,0.054903,0.042592,"[0.0420560756400534, 0.04205607757570995, 0.04205607643031508, 0.042056075137337785, 0.044737886250231715]",0.042056,0.042056,0.042056,0.042056,0.044738,0.042325,"[0.0420560756400534, 0.04205607757570995, 0.04205607643031508, 0.042056075137337785, 0.04340150077531688]",0.042056,0.042056,0.042056,0.042056,0.043402
36,1.778446,0.343612,0.000000,0.385964,0.000000,0.000000,0.915656,0.836715,0.137111,0.268763,26.129115,20.567084,0.203012,0.382461,0.057218,0.057477,0.057477,0.057477,0.057477,0.056183,0.056928,"[0.057476636475666074, 0.05747663882388929, 0.05747663707056412, 0.057476635870834555, 0.054733005989168276]",0.057477,0.057477,0.057477,0.057477,0.054733,0.042564,"[0.04205607576648155, 0.042056078402579924, 0.04205607639049086, 0.042056075128434296, 0.044595624964570806]",0.042056,0.042056,0.042056,0.042056,0.044596,0.042311,"[0.04205607576648155, 0.042056078402579924, 0.04205607639049086, 0.042056075128434296, 0.043329859305133715]",0.042056,0.042056,0.042056,0.042056,0.043330
37,1.798593,0.334690,0.000000,0.390064,0.000000,0.000000,0.920568,0.838748,0.115652,0.255203,26.962275,20.971221,0.179214,0.364736,0.057230,0.057477,0.057477,0.057477,0.057477,0.056243,0.056934,"[0.0574766363970364, 0.05747663819481183, 0.05747663683476467, 0.05747663592654905, 0.0547637068843618]",0.057477,0.057477,0.057477,0.057477,0.054764,0.042528,"[0.042056075737513986, 0.04205607749148712, 0.04205607613920829, 0.04205607516401003, 0.044413311031987375]",0.042056,0.042056,0.042056,0.042056,0.044413,0.042293,"[0.042056075737513986, 0.04205607749148712, 0.04205607613920829, 0.04205607516401003, 0.04323822160853658]",0.042056,0.042056,0.042056,0.042056,0.043238
38,1.804520,0.330814,0.000000,0.385073,0.000000,0.000000,0.920257,0.838080,0.123132,0.264082,26.658230,20.732370,0.188002,0.374952,0.057234,0.057477,0.057477,0.057477,0.057477,0.056263,0.056936,"[0.05747663634460287, 0.05747663792897926, 0.05747663692262636, 0.05747663591627706, 0.05477355092336217]",0.057477,0.057477,0.057477,0.057477,0.054774,0.042513,"[0.04205607564579167, 0.0420560772983619, 0.04205607630338312, 0.042056075157458406, 0.04433890197696454]",0.042056,0.042056,0.042056,0.042056,0.044339,0.042285,"[0.04205607564579167, 0.0420560772983619, 0.04205607630338312, 0.042056075157458406, 0.04320067335176805]",0.042056,0.042056,0.042056,0.042056,0.043201
39,1.799366,0.330309,0.000000,0.381188,0.000000,0.000000,0.916061,0.839360,0.122119,0.254754,26.463626,20.979203,0.190124,0.363697,0.057194,0.057477,0.057477,0.057477,0.057477,0.056064,0.056916,"[0.057476636314696065, 0.05747663791269454, 0.057476636809677024, 0.05747663594576109, 0.05467321887449783]",0.057477,0.057477,0.057477,0.057477,0.054673,0.042507,"[0.042056075619286024, 0.042056077256163255, 0.042056076130314084, 0.04205607518714936, 0.04431141792600928]",0.042056,0.042056,0.042056,0.042056,0.044311,0.042282,"[0.042056075619286024, 0.042056077256163255, 0.042056076130314084, 0.04205607518714936, 0.04318689010802796]",0.042056,0.042056,0.042056,0.042056,0.043187
40,1.818737,0.326099,0.000000,0.383708,0.000000,0.000000,0.919426,0.839289,0.120497,0.258560,26.764276,20.831259,0.185105,0.370616,0.057207,0.057477,0.057477,0.057477,0.057477,0.056129,0.056922,"[0.057476636349190924, 0.0574766382596098, 0.05747663677802369, 0.05747663591284626, 0.05470562818337731]",0.057477,0.057477,0.057477,0.057477,0.054706,0.042553,"[0.04205607567494714, 0.04205607737517999, 0.0420560760735331, 0.04205607515819382, 0.04453967659707526]",0.042056,0.042056,0.042056,0.042056,0.044540,0.042305,"[0.04205607567494714, 0.04205607737517999, 0.0420560760735331, 0.04205607515819382, 0.043301661733658736]",0.042056,0.042056,0.042056,0.042056,0.043302
41,1.824293,0.323008,0.000000,0.383609,0.000000,0.000000,0.918821,0.837647,0.127510,0.265769,26.442037,20.668099,0.195302,0.379056,0.057168,0.057477,0.057477,0.057477,0.057477,0.055932,0.056903,"[0.05747663626641874, 0.05747663815297078, 0.0574766368323371, 0.057476635961772014, 0.05460638548732324]",0.057477,0.057477,0.057477,0.057477,0.054606,0.042490,"[0.04205607557688833, 0.042056077242513715, 0.042056076184426104, 0.04205607519732272, 0.04422625661679848]",0.042056,0.042056,0.042056,0.042056,0.044226,0.042274,"[0.04205607557688833, 0.042056077242513715, 0.042056076184426104, 0.04205607519732272, 0.04314399652237273]",0.042056,0.042056,0.042056,0.042056,0.043144
42,1.828644,0.319483,0.000000,0.385405,0.000000,0.000000,0.917392,0.838775,0.134749,0.264444,26.361698,20.802707,0.200245,0.374232,0.057266,0.057477,0.057477,0.057477,0.057477,0.056422,0.056952,"[0.05747663629128776, 0.05747663782955709, 0.05747663679622012, 0.05747663591919949, 0.054853323588171785]",0.057477,0.057477,0.057477,0.057477,0.054853,0.042558,"[0.04205607558260921, 0.04205607695739916, 0.04205607615318667, 0.04205607517284576, 0.04456393387534378]",0.042056,0.042056,0.042056,0.042056,0.044564,0.042308,"[0.04205607558260921, 0.04205607695739916, 0.04205607615318667, 0.04205607517284576, 0.04331385564719054]",0.042056,0.042056,0.042056,0.042056,0.043314
43,1.836863,0.314179,0.000000,0.382134,0.000000,0.000000,0.916321,0.837448,0.130696,0.259994,26.296876,20.944478,0.198054,0.366708,0.057187,0.057477,0.057477,0.057477,0.057477,0.056029,0.056912,"[0.057476636385866815, 0.05747663795740684, 0.057476636770080095, 0.05747663592375291, 0.05465511989382789]",0.057477,0.057477,0.057477,0.057477,0.054655,0.042520,"[0.04205607569826632, 0.04205607714607333, 0.042056076121883064, 0.042056075161480466, 0.04437500489660385]",0.042056,0.042056,0.042056,0.042056,0.044375,0.042289,"[0.04205607569826632, 0.04205607714607333, 0.042056076121883064, 0.042056075161480466, 0.04321870661695575]",0.042056,0.042056,0.042056,0.042056,0.043219
44,1.837403,0.311476,0.000000,0.380568,0.000000,0.000000,0.918640,0.837367,0.124746,0.259934,26.591155,20.873873,0.191249,0.369577,0.057195,0.057477,0.057477,0.057477,0.057477,0.056067,0.056916,"[0.057476636290248476, 0.05747663780929814, 0.05747663684291936, 0.05747663594225542, 0.05467466550340672]",0.057477,0.057477,0.057477,0.057477,0.054675,0.042531,"[0.042056075601227226, 0.042056077016646605, 0.0420560761684842, 0.042056075183278537, 0.04442984122635051]",0.042056,0.042056,0.042056,0.042056,0.044430,0.042294,"[0.042056075601227226, 0.042056077016646605, 0.0420560761684842, 0.042056075183278537, 0.04324629632351929]",0.042056,0.042056,0.042056,0.042056,0.043246
45,1.847620,0.310195,0.000000,0.382054,0.000000,0.000000,0.916966,0.837990,0.132229,0.264832,26.199314,20.750840,0.201136,0.376001,0.057260,0.057477,0.057477,0.057477,0.057477,0.056391,0.056949,"[0.05747663630989845, 0.05747663808849454, 0.057476636781869546, 0.05747663592519256, 0.05483795953665565]",0.057477,0.057477,0.057477,0.057477,0.054838,0.042562,"[0.04205607558875369, 0.04205607743852925, 0.04205607613812429, 0.04205607517058222, 0.04458791560197177]",0.042056,0.042056,0.042056,0.042056,0.044588,0.042310,"[0.04205607558875369, 0.04205607743852925, 0.04205607613812429, 0.04205607517058222, 0.04332590764959919]",0.042056,0.042056,0.042056,0.042056,0.043326
46,1.849150,0.305913,0.000000,0.383634,0.000000,0.000000,0.916783,0.838181,0.133559,0.264176,26.200401,20.771358,0.203034,0.375935,0.057237,0.057477,0.057477,0.057477,0.057477,0.056279,0.056938,"[0.057476636279198245, 0.057476638026211946, 0.05747663677935074, 0.05747663593256857, 0.054781478689570215]",0.057477,0.057477,0.057477,0.057477,0.054781,0.042549,"[0.042056075562290234, 0.04205607732705537, 0.042056076148464135, 0.04205607517753166, 0.044522028884212646]",0.042056,0.042056,0.042056,0.042056,0.044522,0.042303,"[0.042056075562290234, 0.04205607732705537, 0.042056076148464135, 0.04205607517753166, 0.0432927223467909]",0.042056,0.042056,0.042056,0.042056,0.043293
47,1.842725,0.305461,0.000000,0.382079,0.000000,0.000000,0.916713,0.838571,0.141964,0.266706,26.035127,20.750890,0.208677,0.377533,0.057225,0.057477,0.057477,0.057477,0.057477,0.056218,0.056931,"[0.05747663630085409, 0.05747663794809062, 0.057476636841417315, 0.0574766359298084, 0.05475078753505]",0.057477,0.057477,0.057477,0.057477,0.054751,0.042538,"[0.04205607556490557, 0.04205607729831358, 0.04205607622730703, 0.042056075177256166, 0.04446711928623436]",0.042056,0.042056,0.042056,0.042056,0.044467,0.042298,"[0.04205607556490557, 0.04205607729831358, 0.04205607622730703, 0.042056075177256166, 0.04326512057726959]",0.042056,0.042056,0.042056,0.042056,0.043265
48,1.845404,0.302885,0.000000,0.383493,0.000000,0.000000,0.919123,0.838458,0.132223,0.266884,26.356797,20.759717,0.200048,0.377094,0.057218,0.057477,0.057477,0.057477,0.057477,0.056184,0.056928,"[0.0574766363046371, 0.05747663796269186, 0.05747663682920493, 0.05747663592550179, 0.054733535196045215]",0.057477,0.057477,0.057477,0.057477,0.054734,0.042534,"[0.04205607558593751, 0.04205607725996839, 0.04205607622459009, 0.0420560751724133, 0.04444360888779546]",0.042056,0.042056,0.042056,0.042056,0.044444,0.042296,"[0.04205607558593751, 0.04205607725996839, 0.04205607622459009, 0.0420560751724133, 0.04325326516034223]",0.042056,0.042056,0.042056,0.042056,0.043253
49,1.847848,0.297967,0.000000,0.382001,0.000000,0.000000,0.918817,0.838554,0.132010,0.265109,26.266415,20.792481,0.200884,0.375627,0.057214,0.057477,0.057477,0.057477,0.057477,0.056162,0.056926,"[0.05747663630657597, 0.05747663800670987, 0.0574766368068509, 0.05747663593019624, 0.05472241900683582]",0.057477,0.057477,0.057477,0.057477,0.054722,0.042525,"[0.042056075584619844, 0.042056077319075826, 0.04205607619335779, 0.042056075176743125, 0.0443999815505389]",0.042056,0.042056,0.042056,0.042056,0.044400,0.042291,"[0.042056075584619844, 0.042056077319075826, 0.04205607619335779, 0.042056075176743125, 0.043231339457647115]",0.042056,0.042056,0.042056,0.042056,0.043231
50,1.842854,0.297373,0.000000,0.381707,0.000000,0.000000,0.918817,0.838738,0.131821,0.266076,26.318817,20.761871,0.200129,0.376934,0.057225,0.057477,0.057477,0.057477,0.057477,0.056219,0.056932,"[0.05747663630265408, 0.05747663794945214, 0.057476636835618745, 0.05747663592349973, 0.05475125780000767]",0.057477,0.057477,0.057477,0.057477,0.054751,0.042530,"[0.04205607558467966, 0.042056077258070576, 0.042056076221783936, 0.04205607517022627, 0.04442732758362279]",0.042056,0.042056,0.042056,0.042056,0.044427,0.042294,"[0.04205607558467966, 0.042056077258070576, 0.042056076221783936, 0.04205607517022627, 0.04324506119195945]",0.042056,0.042056,0.042056,0.042056,0.043245
